"0,1,2,4,5,6",25,nan,0.551,1
"4,5,6,7,8,9,10",23,10,0.751,4
"0,2,11,12",3,nan,0.179,5
"2,5,6,10",22,10,0.282,6
"0,10,11,12,14",8,"10,11,12,14",0.443,6
"0,5,6,10",7,10,0.011,7
"0,5,6,10",24,10,0.421,7
"4,5,6,10",6,"4,6,10",0.641,7
"0,10,11,12,14",17,"10,11,12,14",0.118,7
"0,1,2,4,5,6",4,nan,0.484,7
"0,10,11,12,14",14,"10,11,12,14",0.387,7
"4,5,6,7,8,9,10",12,10,0.211,7
"0,5,6,8",21,8,0.084,7
"0,10,11,12,14",16,"10,11,12,14",0.323,7
"4,5,6,10",11,"4,6,10",0.134,8
"0,1,2,4,5,6",10,nan,0.22,8
"0,1,2,5,6",19,nan,0.438,8
"0,2,5,6",6,nan,0.539,8
"0,5,6,8",2,8,0.31,8
"0,2,11,12",13,nan,0.426,8
"0,2,5,6",2,nan,0.532,9
"0,4",7,nan,0.691,9
"2,5,6,10",6,10,0.23,9
"4,5,6,10",20,"4,6,10",0.144,9
"0,1,2,5,6",3,nan,0.478,9
"0,2,5,6,10",2,10,0.794,9
"1,5,6,10",22,10,0.726,9
"0,2,5,6",10,nan,0.249,9
"0,2,5,6,10",20,10,0.308,9
"4,5,6,7,8,9,10",15,10,0.31,10
"0,1,2,4,5,6",9,nan,0.116,10
"0,5,6,8",20,8,0.742,10
"1,2,4,10",16,10,0.706,10
"0,5,6,8",15,8,0.523,10
"0,1,2,4,5,6",10,nan,0.75,10
"0,11,12",13,"11,12",0.22,10
"2,5,6,10",22,10,0.725,10
"1,4,5",21,nan,0.103,10
"0,2,5,6",11,nan,0.758,10
"4,5,6,10",1,"4,6,10",0.273,10
"2,5,6,10",15,10,0.179,10
"0,2,5,6,10",2,10,0.717,11
"0,5,6,10",20,10,0.384,11
"0,1,2,5,6",10,nan,0.046,11
"0,1,2,5,6",2,nan,0.135,11
"0,2,5,6,10",5,10,0.782,11
"1,2,4,10",16,10,0.227,11
"0,1,2,4,5,6",1,nan,0.163,11
"1,2,4,10",9,10,0.101,11
"0,5,6,8",7,8,0.198,11
"0,1,2,5,6",22,nan,0.196,11
"1,2,4,10",17,10,0.425,11
"0,5,6,10",22,10,0.089,11
"0,5,6,10",10,10,0.661,11
"0,2,11,12",2,nan,0.633,11
"4,5,6,10",20,"4,6,10",0.156,11
"1,2,4,10",25,10,0.112,12
"0,11,12",23,"11,12",0.646,12
"4,5,6,10",24,"4,6,10",0.223,12
"1,4,5,6,13,14",2,"4,13,14",0.407,12
"0,5,6,10",12,10,0.174,12
"1,4,5",3,nan,0.74,12
"1,4,5",17,nan,0.455,12
"0,11,12",24,"11,12",0.711,12
"0,5,6,8",20,8,0.347,12
"1,5,6,10",15,10,0.296,12
"0,4",4,nan,0.081,12
"2,5,6,10",2,10,0.023,12
"4,5,6,7,8,9,10",14,10,0.664,12
"4,5,6,7,8,9,10",12,10,0.724,12
"0,5,6,10",1,10,0.003,12
"1,2,4,10",9,10,0.373,13
"1,5,6,10",23,10,0.015,13
"0,10,11,12,14",13,"10,11,12,14",0.509,13
"0,5,6,8",23,8,0.46,13
"0,2,5,6",11,nan,0.263,13
"0,10,11,12,14",19,"10,11,12,14",0.296,13
"0,2,5,6,10",18,10,0.631,13
"1,2,4,10",5,10,0.641,13
"0,2,5,6",15,nan,0.026,14
"1,4,5,6,13,14",7,"4,13,14",0.061,14
"4,5,6,10",23,"4,6,10",0.027,14
"2,5,6,10",22,10,0.035,14
"0,2,11,12",20,nan,0.433,15
"4,5,6,10",17,"4,6,10",0.772,15
"0,5,6,8",6,8,0.504,15
"0,4",12,nan,0.412,15
"1,5,6,10",23,10,0.725,15
"0,2,11,12",22,nan,0.795,15
"4,5,6,10",15,"4,6,10",0.708,15
"2,5,6,10",7,10,0.227,16
"0,5,6,8",5,8,0.593,16
"0,5,6,10",20,10,0.32,16
"1,4,5",16,nan,0.738,16
"0,1,2,5,6",16,nan,0.433,16
"2,5,6,10",6,10,0.256,16
"0,11,12",21,"11,12",0.388,17
"0,1,2,4,5,6",16,nan,0.195,17
"1,2,4,10",5,10,0.128,19
"1,5,6,10",14,10,0.484,19
"4,5,6,10",7,"4,6,10",0.014,22
"0,11,12",20,"11,12",0.68,24
"0,1,2,4,5,6",2,nan,0.33,24
"4,5,6,7,8,9,10",20,10,0.502,25
"1,4,5",16,nan,0.701,25
"4,5,6,10",5,"4,6,10",0.008,25
"0,2,5,6,10",10,10,0.061,25
"0,5,6,8",20,8,0.544,25
"1,2,4,10",9,10,0.794,25
"0,10,11,12,14",24,"10,11,12,14",0.729,26
"0,4",11,nan,0.768,26
"0,5,6,10",13,10,0.615,26
"0,2,5,6,10",16,10,0.015,26
"2,5,6,10",2,10,0.666,27
"1,4,5,6,13,14",25,"4,13,14",0.414,27
"0,1,2,5,6",3,nan,0.441,27
"0,1,2,4,5,6",22,nan,0.663,27
"0,2,5,6,10",1,10,0.73,27
"4,5,6,7,8,9,10",12,10,0.327,27
"0,1,2,4,5,6",7,nan,0.212,28
"0,5,6,8",1,8,0.139,28
"1,4,5",16,nan,0.088,28
"0,2,5,6,10",18,10,0.499,28
"0,5,6,10",19,10,0.274,28
"0,2,11,12",18,nan,0.67,28
"4,5,6,10",11,"4,6,10",0.062,28
"2,5,6,10",7,10,0.354,28
"4,5,6,7,8,9,10",24,10,0.499,28
"0,2,5,6",1,nan,0.119,28
"0,2,11,12",18,nan,0.379,29
"0,4",18,nan,0.28,29
"0,5,6,8",15,8,0.065,29
"1,4,5",3,nan,0.492,29
"4,5,6,7,8,9,10",17,10,0.633,29
"0,11,12",13,"11,12",0.309,29
"4,5,6,10",22,"4,6,10",0.616,29
"0,2,5,6",7,nan,0.34,29
"0,2,11,12",25,nan,0.34,29
"0,11,12",14,"11,12",0.618,29
"4,5,6,7,8,9,10",5,10,0.358,29
"4,5,6,10",13,"4,6,10",0.797,29
"1,5,6,10",13,10,0.355,29
"0,10,11,12,14",24,"10,11,12,14",0.761,29
"1,5,6,10",13,10,0.623,29
"0,1,2,4,5,6",22,nan,0.253,29
"0,11,12",21,"11,12",0.189,29
"0,1,2,5,6",20,nan,0.612,29
"0,1,2,4,5,6",9,nan,0.69,29
"0,2,5,6,10",10,10,0.67,30
"0,11,12",10,"11,12",0.293,30
"4,5,6,7,8,9,10",8,10,0.557,30
"4,5,6,10",11,"4,6,10",0.516,30
"2,5,6,10",19,10,0.201,30
"0,5,6,8",3,8,0.513,30
"4,5,6,10",16,"4,6,10",0.171,30
"0,11,12",21,"11,12",0.287,30
"1,4,5,6,13,14",1,"4,13,14",0.625,30
"1,2,4,10",12,10,0.132,30
"0,2,5,6",19,nan,0.373,30
"0,5,6,10",7,10,0.446,30
"1,5,6,10",8,10,0.616,30
"0,2,5,6",22,nan,0.119,31
"0,4",16,nan,0.551,31
"0,4",16,nan,0.075,31
"0,1,2,4,5,6",9,nan,0.777,31
"0,11,12",1,"11,12",0.027,31
"0,1,2,5,6",16,nan,0.398,31
"1,2,4,10",12,10,0.022,31
"4,5,6,7,8,9,10",24,10,0.784,31
"0,11,12",20,"11,12",0.381,31
"2,5,6,10",11,10,0.769,31
"1,4,5,6,13,14",14,"4,13,14",0.496,31
"0,11,12",11,"11,12",0.486,31
"0,11,12",13,"11,12",0.648,32
"0,2,5,6",24,nan,0.518,32
"0,1,2,4,5,6",4,nan,0.365,32
"4,5,6,10",17,"4,6,10",0.346,32
"0,1,2,5,6",14,nan,0.634,32
"0,2,5,6,10",23,10,0.721,32
"1,2,4,10",20,10,0.558,32
"0,10,11,12,14",7,"10,11,12,14",0.073,32
"4,5,6,10",21,"4,6,10",0.603,32
"0,2,5,6,10",4,10,0.708,33
"0,2,5,6,10",5,10,0.675,33
"0,1,2,5,6",14,nan,0.439,33
"0,5,6,8",4,8,0.377,33
"0,1,2,4,5,6",13,nan,0.145,33
"1,4,5,6,13,14",5,"4,13,14",0.166,33
"1,2,4,10",16,10,0.672,34
"0,1,2,5,6",1,nan,0.759,34
"0,2,5,6",3,nan,0.056,34
"2,5,6,10",8,10,0.569,34
"0,1,2,4,5,6",2,nan,0.207,34
"1,5,6,10",8,10,0.155,34
"0,4",15,nan,0.015,35
"1,5,6,10",14,10,0.776,36
"1,5,6,10",23,10,0.774,36
"2,5,6,10",8,10,0.181,36
"0,2,11,12",14,nan,0.192,36
"1,5,6,10",15,10,0.341,41
"0,2,11,12",19,nan,0.303,44
"1,4,5,6,13,14",12,"4,13,14",0.328,45
"0,1,2,4,5,6",16,nan,0.7,45
"4,5,6,7,8,9,10",3,10,0.784,46
"2,5,6,10",2,10,0.061,46
"4,5,6,7,8,9,10",25,10,0.003,46
"2,5,6,10",16,10,0.373,46
"0,2,11,12",7,nan,0.305,46
"0,1,2,5,6",20,nan,0.588,46
"4,5,6,10",6,"4,6,10",0.778,46
"4,5,6,7,8,9,10",2,10,0.396,46
"0,4",8,nan,0.398,47
"0,5,6,10",3,10,0.721,47
"1,2,4,10",1,10,0.503,47
"0,11,12",19,"11,12",0.191,47
"4,5,6,7,8,9,10",23,10,0.786,47
"0,2,5,6",23,nan,0.362,47
"0,5,6,8",1,8,0.463,47
"0,10,11,12,14",21,"10,11,12,14",0.774,47
"0,2,5,6,10",4,10,0.439,47
"1,5,6,10",22,10,0.763,48
"4,5,6,7,8,9,10",2,10,0.045,48
"4,5,6,7,8,9,10",2,10,0.179,48
"4,5,6,10",25,"4,6,10",0.718,48
"0,1,2,4,5,6",1,nan,0.577,48
"1,4,5,6,13,14",17,"4,13,14",0.204,48
"1,4,5",16,nan,0.245,48
"1,4,5",20,nan,0.25,48
"0,4",12,nan,0.708,48
"4,5,6,7,8,9,10",24,10,0.365,48
"0,2,11,12",16,nan,0.293,48
"0,5,6,8",7,8,0.001,48
"4,5,6,10",17,"4,6,10",0.483,49
"4,5,6,10",24,"4,6,10",0.545,49
"1,4,5",14,nan,0.463,49
"4,5,6,7,8,9,10",5,10,0.383,49
"0,2,5,6,10",18,10,0.521,49
"0,2,11,12",4,nan,0.107,49
"0,10,11,12,14",10,"10,11,12,14",0.472,49
"1,4,5,6,13,14",19,"4,13,14",0.638,49
"1,2,4,10",8,10,0.605,49
"0,2,5,6,10",9,10,0.486,49
"0,4",14,nan,0.161,49
"1,4,5,6,13,14",1,"4,13,14",0.652,49
"0,2,11,12",19,nan,0.164,49
"0,2,11,12",12,nan,0.028,49
"1,2,4,10",17,10,0.784,50
"0,11,12",6,"11,12",0.404,50
"0,5,6,8",7,8,0.147,50
"4,5,6,7,8,9,10",6,10,0.409,50
"0,2,11,12",19,nan,0.653,50
"0,1,2,5,6",11,nan,0.099,50
"4,5,6,7,8,9,10",14,10,0.368,50
"0,1,2,4,5,6",17,nan,0.107,50
"4,5,6,7,8,9,10",8,10,0.548,50
"0,5,6,8",9,8,0.76,51
"0,2,5,6",18,nan,0.521,51
"0,1,2,4,5,6",12,nan,0.421,51
"2,5,6,10",17,10,0.158,51
"2,5,6,10",13,10,0.284,51
"0,5,6,10",16,10,0.2,51
"0,2,5,6",2,nan,0.337,51
"4,5,6,7,8,9,10",1,10,0.367,51
"0,2,5,6,10",6,10,0.421,51
"1,5,6,10",13,10,0.388,51
"0,10,11,12,14",13,"10,11,12,14",0.041,51
"4,5,6,10",15,"4,6,10",0.435,52
"0,10,11,12,14",4,"10,11,12,14",0.111,52
"0,2,11,12",24,nan,0.006,52
"1,5,6,10",8,10,0.589,52
"0,2,5,6,10",14,10,0.743,52
"4,5,6,7,8,9,10",3,10,0.145,52
"0,10,11,12,14",14,"10,11,12,14",0.665,52
"0,4",10,nan,0.348,52
"0,11,12",3,"11,12",0.169,52
"0,1,2,5,6",6,nan,0.239,52
"1,5,6,10",3,10,0.725,53
"0,4",23,nan,0.351,53
"0,11,12",18,"11,12",0.026,53
"0,1,2,4,5,6",15,nan,0.608,53
"1,4,5,6,13,14",16,"4,13,14",0.06,53
"0,1,2,4,5,6",22,nan,0.377,53
"1,4,5,6,13,14",20,"4,13,14",0.465,53
"1,2,4,10",9,10,0.107,54
"1,4,5",7,nan,0.624,54
"0,10,11,12,14",22,"10,11,12,14",0.184,54
"0,5,6,8",9,8,0.725,54
"0,2,11,12",8,nan,0.765,54
"0,5,6,10",3,10,0.484,54
"0,2,5,6,10",17,10,0.747,55
"0,2,11,12",2,nan,0.324,55
"0,1,2,4,5,6",17,nan,0.036,55
"1,5,6,10",22,10,0.188,55
"4,5,6,7,8,9,10",24,10,0.211,55
"0,4",12,nan,0.236,56
"2,5,6,10",20,10,0.461,56
"1,5,6,10",10,10,0.395,57
"0,2,11,12",2,nan,0.518,57
"1,4,5,6,13,14",16,"4,13,14",0.358,58
"0,2,5,6",2,nan,0.382,58
"4,5,6,10",2,"4,6,10",0.146,62
"0,1,2,5,6",7,nan,0.393,63
"2,5,6,10",21,10,0.429,64
"0,2,11,12",10,nan,0.053,65
"0,4",17,nan,0.583,65
"0,10,11,12,14",25,"10,11,12,14",0.375,65
"0,5,6,10",15,10,0.086,65
"0,2,5,6",6,nan,0.308,66
"2,5,6,10",17,10,0.203,66
"0,5,6,10",3,10,0.044,66
"4,5,6,10",24,"4,6,10",0.03,66
"0,1,2,5,6",3,nan,0.484,66
"0,10,11,12,14",25,"10,11,12,14",0.631,66
"0,4",17,nan,0.521,66
"0,2,11,12",3,nan,0.383,66
"4,5,6,7,8,9,10",17,10,0.52,67
"0,4",12,nan,0.27,67
"4,5,6,10",19,"4,6,10",0.055,67
"0,10,11,12,14",11,"10,11,12,14",0.493,67
"0,4",14,nan,0.692,67
"1,4,5,6,13,14",20,"4,13,14",0.258,67
"0,10,11,12,14",20,"10,11,12,14",0.777,67
"0,2,5,6",5,nan,0.451,67
"1,4,5",14,nan,0.675,67
"1,4,5",9,nan,0.132,67
"0,2,11,12",10,nan,0.476,67
"4,5,6,10",6,"4,6,10",0.604,67
"0,11,12",16,"11,12",0.437,67
"2,5,6,10",18,10,0.414,67
"1,2,4,10",9,10,0.117,67
"0,2,11,12",21,nan,0.034,68
"1,4,5",15,nan,0.198,68
"0,11,12",21,"11,12",0.42,68
"0,4",11,nan,0.447,68
"0,10,11,12,14",9,"10,11,12,14",0.396,68
"0,2,11,12",4,nan,0.459,68
"0,2,5,6",5,nan,0.415,68
"0,1,2,4,5,6",17,nan,0.156,68
"0,11,12",19,"11,12",0.185,68
"0,2,5,6",7,nan,0.316,68
"1,4,5,6,13,14",2,"4,13,14",0.1,68
"1,2,4,10",16,10,0.54,69
"4,5,6,7,8,9,10",18,10,0.524,69
"0,5,6,10",8,10,0.048,69
"0,1,2,5,6",11,nan,0.503,69
"0,2,11,12",2,nan,0.144,69
"4,5,6,7,8,9,10",6,10,0.626,69
"1,4,5",25,nan,0.197,69
"1,4,5",21,nan,0.75,69
"0,5,6,10",12,10,0.324,69
"2,5,6,10",5,10,0.294,69
"0,2,5,6",5,nan,0.109,69
"0,5,6,10",22,10,0.676,69
"0,2,5,6",24,nan,0.219,69
"0,2,5,6,10",22,10,0.623,69
"0,1,2,4,5,6",20,nan,0.389,69
"1,4,5",5,nan,0.37,69
"1,5,6,10",6,10,0.207,70
"0,5,6,8",1,8,0.358,70
"0,2,5,6",1,nan,0.702,70
"1,5,6,10",21,10,0.365,70
"1,4,5,6,13,14",16,"4,13,14",0.087,70
"0,10,11,12,14",23,"10,11,12,14",0.22,70
"0,1,2,5,6",1,nan,0.572,70
"1,4,5",23,nan,0.392,71
"1,2,4,10",19,10,0.144,71
"2,5,6,10",20,10,0.037,71
"1,4,5",17,nan,0.177,71
"0,2,5,6",18,nan,0.425,71
"0,1,2,5,6",11,nan,0.203,71
"0,2,11,12",12,nan,0.555,71
"0,2,5,6",15,nan,0.325,71
"1,4,5,6,13,14",22,"4,13,14",0.756,71
"1,5,6,10",7,10,0.324,71
"0,1,2,4,5,6",3,nan,0.238,71
"0,1,2,4,5,6",8,nan,0.703,72
"4,5,6,7,8,9,10",8,10,0.255,72
"0,5,6,10",14,10,0.511,72
"0,1,2,4,5,6",14,nan,0.083,72
"0,11,12",12,"11,12",0.356,72
"0,2,5,6",11,nan,0.604,72
"0,11,12",20,"11,12",0.117,72
"1,4,5",16,nan,0.185,72
"1,2,4,10",5,10,0.019,72
"1,4,5",10,nan,0.584,72
"4,5,6,7,8,9,10",23,10,0.265,73
"0,1,2,4,5,6",1,nan,0.517,73
"0,5,6,8",6,8,0.186,73
"2,5,6,10",5,10,0.792,74
"0,1,2,4,5,6",13,nan,0.669,74
"1,4,5",17,nan,0.395,74
"1,5,6,10",17,10,0.247,74
"0,2,5,6",18,nan,0.116,74
"0,1,2,4,5,6",15,nan,0.509,75
"1,5,6,10",4,10,0.604,75
"0,2,5,6",4,nan,0.631,76
"1,5,6,10",8,10,0.71,76
"1,5,6,10",8,10,0.062,77
"0,2,5,6,10",19,10,0.593,77
"1,4,5,6,13,14",21,"4,13,14",0.07,77
"0,2,5,6",11,nan,0.283,83
"2,5,6,10",12,10,0.067,84
"0,5,6,10",16,10,0.645,85
"0,10,11,12,14",22,"10,11,12,14",0.135,85
"2,5,6,10",15,10,0.492,85
"0,5,6,8",25,8,0.018,85
"0,11,12",23,"11,12",0.135,85
"0,5,6,10",10,10,0.382,85
"0,4",2,nan,0.289,85
"0,1,2,4,5,6",14,nan,0.633,85
"0,10,11,12,14",23,"10,11,12,14",0.151,86
"2,5,6,10",1,10,0.484,86
"0,4",1,nan,0.023,86
"0,2,5,6,10",18,10,0.191,86
"0,10,11,12,14",22,"10,11,12,14",0.483,86
"0,5,6,10",17,10,0.593,87
"0,2,5,6",15,nan,0.03,87
"1,2,4,10",20,10,0.579,87
"1,4,5",22,nan,0.413,87
"0,2,5,6",23,nan,0.317,87
"0,2,5,6",2,nan,0.128,88
"0,1,2,4,5,6",17,nan,0.098,88
"0,10,11,12,14",16,"10,11,12,14",0.007,88
"0,11,12",25,"11,12",0.06,88
"0,5,6,8",3,8,0.454,88
"0,10,11,12,14",1,"10,11,12,14",0.466,88
"0,11,12",20,"11,12",0.12,88
"1,4,5",11,nan,0.369,88
"4,5,6,7,8,9,10",7,10,0.543,88
"1,4,5,6,13,14",3,"4,13,14",0.433,88
"4,5,6,10",10,"4,6,10",0.679,88
"0,10,11,12,14",17,"10,11,12,14",0.765,88
"0,2,11,12",5,nan,0.252,89
"0,2,5,6",11,nan,0.045,89
"0,1,2,4,5,6",3,nan,0.125,89
"1,4,5,6,13,14",15,"4,13,14",0.517,89
"4,5,6,10",12,"4,6,10",0.06,89
"1,5,6,10",2,10,0.432,89
"0,1,2,5,6",18,nan,0.722,89
"1,4,5",3,nan,0.03,89
"1,4,5",24,nan,0.285,89
"0,5,6,10",1,10,0.364,89
"1,4,5,6,13,14",15,"4,13,14",0.635,89
"0,1,2,4,5,6",10,nan,0.047,89
"0,2,5,6,10",4,10,0.651,90
"0,2,11,12",20,nan,0.307,90
"0,11,12",4,"11,12",0.394,90
"0,2,5,6,10",10,10,0.504,90
"1,2,4,10",11,10,0.008,90
"0,5,6,8",5,8,0.384,90
"0,2,5,6",20,nan,0.593,90
"0,2,5,6",10,nan,0.396,90
"0,2,5,6,10",10,10,0.632,90
"0,11,12",12,"11,12",0.153,90
"1,4,5",14,nan,0.299,90
"0,2,5,6",12,nan,0.529,91
"0,4",25,nan,0.382,91
"0,5,6,8",21,8,0.345,91
"0,5,6,8",7,8,0.033,91
"0,1,2,5,6",16,nan,0.774,91
"0,2,5,6",17,nan,0.661,91
"0,1,2,4,5,6",18,nan,0.423,91
"0,1,2,5,6",15,nan,0.768,91
"4,5,6,7,8,9,10",7,10,0.52,91
"0,10,11,12,14",3,"10,11,12,14",0.762,91
"1,5,6,10",14,10,0.526,91
"0,11,12",24,"11,12",0.547,91
"4,5,6,10",13,"4,6,10",0.605,91
"0,1,2,5,6",13,nan,0.602,91
"2,5,6,10",5,10,0.493,91
"2,5,6,10",2,10,0.224,91
"0,2,11,12",11,nan,0.617,92
"1,4,5",22,nan,0.462,92
"0,1,2,4,5,6",7,nan,0.047,92
"0,1,2,5,6",14,nan,0.294,92
"1,2,4,10",13,10,0.518,92
"0,10,11,12,14",16,"10,11,12,14",0.542,92
"0,2,11,12",8,nan,0.214,92
"0,1,2,5,6",24,nan,0.511,92
"0,2,5,6,10",13,10,0.52,92
"0,5,6,8",7,8,0.536,92
"0,1,2,5,6",12,nan,0.075,92
"2,5,6,10",1,10,0.313,92
"1,5,6,10",15,10,0.205,92
"0,2,5,6",1,nan,0.606,93
"0,1,2,4,5,6",10,nan,0.093,93
"0,4",25,nan,0.743,93
"0,2,5,6",22,nan,0.583,93
"0,2,5,6,10",13,10,0.729,93
"0,11,12",7,"11,12",0.793,93
"0,2,11,12",11,nan,0.324,93
"0,2,5,6,10",20,10,0.772,93
"0,5,6,8",12,8,0.293,93
"0,1,2,4,5,6",12,nan,0.342,94
"0,1,2,5,6",6,nan,0.575,94
"0,5,6,8",17,8,0.656,94
"0,2,5,6,10",23,10,0.138,95
"0,2,5,6",5,nan,0.783,96
"4,5,6,10",19,"4,6,10",0.349,97
"0,1,2,5,6",23,nan,0.724,100
"1,4,5",12,nan,0.399,103
"0,4",13,nan,0.179,103
"0,1,2,4,5,6",3,nan,0.071,104
"1,2,4,10",6,10,0.153,104
"1,4,5,6,13,14",6,"4,13,14",0.174,105
"1,2,4,10",11,10,0.15,105
"0,1,2,5,6",2,nan,0.213,105
"0,10,11,12,14",14,"10,11,12,14",0.196,106
"4,5,6,10",11,"4,6,10",0.49,106
"1,5,6,10",2,10,0.73,106
"0,1,2,5,6",24,nan,0.697,106
"0,1,2,4,5,6",4,nan,0.391,107
"1,4,5",14,nan,0.163,107
"1,2,4,10",23,10,0.221,107
"0,2,11,12",20,nan,0.377,107
"0,2,11,12",20,nan,0.002,107
"1,5,6,10",11,10,0.047,107
"0,4",23,nan,0.41,107
"0,2,5,6",13,nan,0.572,108
"0,2,5,6",14,nan,0.364,108
"4,5,6,7,8,9,10",10,10,0.314,108
"1,2,4,10",24,10,0.27,108
"0,5,6,10",12,10,0.216,108
"1,5,6,10",12,10,0.745,108
"1,4,5,6,13,14",15,"4,13,14",0.717,108
"1,4,5,6,13,14",19,"4,13,14",0.627,108
"0,4",6,nan,0.05,108
"1,5,6,10",7,10,0.744,108
"0,5,6,10",24,10,0.237,109
"0,10,11,12,14",8,"10,11,12,14",0.615,109
"1,4,5,6,13,14",18,"4,13,14",0.026,109
"1,4,5,6,13,14",9,"4,13,14",0.787,109
"0,10,11,12,14",19,"10,11,12,14",0.133,109
"0,2,5,6",6,nan,0.48,109
"0,2,5,6,10",16,10,0.583,109
"1,4,5,6,13,14",23,"4,13,14",0.727,109
"1,4,5",16,nan,0.726,109
"0,5,6,10",17,10,0.468,109
"0,2,5,6",20,nan,0.338,109
"4,5,6,7,8,9,10",3,10,0.033,109
"0,2,5,6",22,nan,0.489,110
"0,5,6,10",16,10,0.376,110
"0,1,2,4,5,6",18,nan,0.763,110
"1,5,6,10",19,10,0.615,110
"2,5,6,10",6,10,0.236,110
"1,2,4,10",11,10,0.579,110
"0,11,12",4,"11,12",0.496,110
"0,10,11,12,14",5,"10,11,12,14",0.302,110
"0,5,6,10",11,10,0.273,110
"2,5,6,10",11,10,0.632,110
"4,5,6,10",15,"4,6,10",0.131,110
"4,5,6,10",11,"4,6,10",0.049,110
"4,5,6,7,8,9,10",20,10,0.701,110
"4,5,6,10",24,"4,6,10",0.216,110
"0,11,12",2,"11,12",0.591,110
"0,10,11,12,14",16,"10,11,12,14",0.08,110
"0,10,11,12,14",20,"10,11,12,14",0.256,110
"2,5,6,10",19,10,0.298,110
"0,2,5,6",17,nan,0.303,111
"0,1,2,5,6",2,nan,0.233,111
"0,1,2,5,6",9,nan,0.697,111
"0,2,5,6",18,nan,0.096,111
"0,1,2,4,5,6",13,nan,0.721,111
"0,5,6,8",15,8,0.752,111
"0,5,6,10",2,10,0.056,111
"4,5,6,10",4,"4,6,10",0.746,111
"0,2,5,6,10",19,10,0.665,111
"1,4,5,6,13,14",19,"4,13,14",0.552,111
"4,5,6,10",9,"4,6,10",0.72,111
"2,5,6,10",24,10,0.006,111
"0,2,5,6",23,nan,0.397,111
"1,2,4,10",13,10,0.276,111
"2,5,6,10",18,10,0.564,111
"4,5,6,10",9,"4,6,10",0.627,112
"0,5,6,10",3,10,0.712,112
"0,2,5,6",24,nan,0.553,112
"2,5,6,10",9,10,0.359,112
"4,5,6,10",1,"4,6,10",0.793,113
"0,2,11,12",8,nan,0.016,113
"0,5,6,10",18,10,0.709,113
"4,5,6,10",18,"4,6,10",0.221,113
"1,2,4,10",2,10,0.253,113
"0,11,12",15,"11,12",0.088,113
"0,2,5,6,10",9,10,0.651,113
"0,1,2,4,5,6",16,nan,0.395,113
"0,4",14,nan,0.161,113
"1,5,6,10",7,10,0.009,113
"1,4,5",20,nan,0.443,113
"0,1,2,5,6",21,nan,0.148,114
"0,2,5,6",14,nan,0.711,114
"4,5,6,7,8,9,10",6,10,0.532,114
"0,1,2,4,5,6",17,nan,0.339,114
"0,2,5,6",16,nan,0.294,115
"0,2,5,6",3,nan,0.184,115
"0,4",17,nan,0.478,115
"2,5,6,10",9,10,0.315,115
"0,1,2,4,5,6",7,nan,0.373,116
"0,1,2,4,5,6",10,nan,0.451,116
"1,4,5",2,nan,0.189,116
"0,10,11,12,14",6,"10,11,12,14",0.73,118
"0,1,2,4,5,6",2,nan,0.527,123
"0,1,2,4,5,6",20,nan,0.65,123
"0,5,6,8",8,8,0.509,124
"1,2,4,10",3,10,0.145,124
"1,5,6,10",10,10,0.309,125
"1,4,5,6,13,14",2,"4,13,14",0.675,125
"0,11,12",4,"11,12",0.273,125
"0,1,2,5,6",9,nan,0.096,125
"0,4",12,nan,0.636,125
"0,11,12",1,"11,12",0.314,125
"0,1,2,4,5,6",17,nan,0.536,126
"4,5,6,7,8,9,10",1,10,0.486,126
"0,10,11,12,14",4,"10,11,12,14",0.162,126
"0,11,12",1,"11,12",0.366,127
"0,2,11,12",23,nan,0.215,127
"0,1,2,4,5,6",11,nan,0.695,127
"1,5,6,10",18,10,0.26,127
"1,4,5,6,13,14",13,"4,13,14",0.668,127
"2,5,6,10",21,10,0.094,128
"0,2,11,12",11,nan,0.131,128
"0,2,11,12",17,nan,0.622,128
"1,2,4,10",2,10,0.605,128
"4,5,6,7,8,9,10",8,10,0.243,128
"0,5,6,10",9,10,0.247,128
"0,2,5,6",14,nan,0.776,128
"0,2,11,12",14,nan,0.381,128
"0,10,11,12,14",1,"10,11,12,14",0.262,128
"4,5,6,7,8,9,10",22,10,0.485,128
"0,10,11,12,14",3,"10,11,12,14",0.318,128
"0,2,5,6",18,nan,0.707,129
"0,1,2,5,6",8,nan,0.057,129
"0,4",2,nan,0.278,129
"4,5,6,10",20,"4,6,10",0.028,129
"0,4",15,nan,0.02,129
"0,1,2,4,5,6",19,nan,0.788,129
"2,5,6,10",12,10,0.189,129
"0,2,5,6,10",4,10,0.269,129
"0,1,2,4,5,6",16,nan,0.022,129
"4,5,6,10",25,"4,6,10",0.385,129
"4,5,6,7,8,9,10",18,10,0.26,129
"0,11,12",13,"11,12",0.009,129
"0,1,2,5,6",10,nan,0.012,129
"4,5,6,7,8,9,10",8,10,0.225,129
"4,5,6,7,8,9,10",5,10,0.069,129
"0,5,6,8",11,8,0.66,130
"1,2,4,10",4,10,0.26,130
"1,4,5",25,nan,0.672,130
"0,1,2,4,5,6",9,nan,0.378,130
"0,1,2,4,5,6",18,nan,0.696,130
"1,4,5,6,13,14",12,"4,13,14",0.137,130
"2,5,6,10",19,10,0.173,130
"0,11,12",14,"11,12",0.226,130
"4,5,6,7,8,9,10",18,10,0.313,130
"2,5,6,10",11,10,0.657,130
"1,5,6,10",2,10,0.343,130
"1,4,5",7,nan,0.403,130
"4,5,6,7,8,9,10",7,10,0.228,130
"0,1,2,5,6",23,nan,0.209,130
"0,4",7,nan,0.082,130
"0,5,6,10",14,10,0.184,131
"1,5,6,10",10,10,0.021,131
"0,10,11,12,14",8,"10,11,12,14",0.233,131
"0,2,5,6,10",25,10,0.696,131
"4,5,6,10",5,"4,6,10",0.711,131
"4,5,6,7,8,9,10",11,10,0.166,131
"1,5,6,10",7,10,0.169,131
"0,5,6,8",1,8,0.692,131
"0,1,2,5,6",23,nan,0.369,131
"4,5,6,7,8,9,10",19,10,0.116,131
"0,1,2,5,6",16,nan,0.428,132
"0,10,11,12,14",25,"10,11,12,14",0.233,132
"2,5,6,10",25,10,0.567,132
"1,4,5,6,13,14",16,"4,13,14",0.703,132
"0,1,2,4,5,6",12,nan,0.759,132
"0,2,5,6",3,nan,0.489,132
"0,5,6,8",16,8,0.3,132
"4,5,6,10",7,"4,6,10",0.058,132
"0,2,5,6",15,nan,0.046,132
"0,11,12",12,"11,12",0.788,132
"1,5,6,10",8,10,0.103,132
"1,2,4,10",21,10,0.361,133
"0,5,6,10",12,10,0.537,133
"0,4",17,nan,0.12,133
"0,4",20,nan,0.533,133
"1,2,4,10",15,10,0.13,134
"4,5,6,10",24,"4,6,10",0.673,134
"0,10,11,12,14",18,"10,11,12,14",0.338,134
"0,2,5,6,10",3,10,0.605,134
"4,5,6,7,8,9,10",8,10,0.425,134
"0,4",12,nan,0.672,134
"0,5,6,8",9,8,0.286,134
"4,5,6,10",21,"4,6,10",0.209,135
"4,5,6,7,8,9,10",1,10,0.416,135
"0,1,2,4,5,6",3,nan,0.272,135
"4,5,6,7,8,9,10",21,10,0.404,136
"0,4",11,nan,0.695,137
"0,2,5,6,10",15,10,0.344,138
"0,5,6,10",24,10,0.129,138
"0,2,11,12",20,nan,0.489,139
"0,5,6,10",6,10,0.305,141
"1,4,5",16,nan,0.526,143
"0,5,6,10",1,10,0.222,143
"0,4",25,nan,0.115,144
"1,5,6,10",7,10,0.442,144
"1,5,6,10",24,10,0.365,145
"0,2,5,6",13,nan,0.427,145
"0,5,6,10",19,10,0.003,145
"0,2,11,12",21,nan,0.176,145
"0,4",12,nan,0.157,145
"0,10,11,12,14",23,"10,11,12,14",0.315,145
"1,4,5,6,13,14",8,"4,13,14",0.08,145
"1,5,6,10",11,10,0.65,146
"0,11,12",7,"11,12",0.464,146
"0,1,2,4,5,6",13,nan,0.247,146
"4,5,6,10",7,"4,6,10",0.553,146
"4,5,6,10",3,"4,6,10",0.529,146
"1,2,4,10",23,10,0.189,146
"4,5,6,10",15,"4,6,10",0.314,147
"0,1,2,5,6",15,nan,0.001,147
"1,4,5",10,nan,0.066,147
"0,1,2,5,6",23,nan,0.713,147
"1,4,5",1,nan,0.07,147
"1,5,6,10",10,10,0.665,147
"0,1,2,4,5,6",17,nan,0.712,147
"2,5,6,10",11,10,0.673,147
"4,5,6,7,8,9,10",10,10,0.387,147
"0,1,2,4,5,6",14,nan,0.595,148
"0,11,12",12,"11,12",0.309,148
"1,5,6,10",21,10,0.45,148
"0,1,2,4,5,6",18,nan,0.376,148
"1,4,5,6,13,14",8,"4,13,14",0.513,148
"0,2,11,12",1,nan,0.116,148
"2,5,6,10",20,10,0.67,148
"0,1,2,4,5,6",15,nan,0.206,148
"1,4,5",5,nan,0.248,149
"4,5,6,10",1,"4,6,10",0.671,149
"0,2,11,12",13,nan,0.535,149
"0,11,12",5,"11,12",0.363,149
"0,2,5,6,10",4,10,0.142,149
"0,5,6,8",20,8,0.17,149
"0,4",1,nan,0.662,150
"0,10,11,12,14",22,"10,11,12,14",0.656,150
"0,11,12",1,"11,12",0.759,150
"0,1,2,5,6",12,nan,0.12,150
"2,5,6,10",10,10,0.291,150
"1,4,5,6,13,14",5,"4,13,14",0.162,150
"0,2,5,6,10",25,10,0.285,150
"1,5,6,10",21,10,0.402,150
"4,5,6,7,8,9,10",12,10,0.659,150
"1,2,4,10",21,10,0.645,150
"1,2,4,10",25,10,0.146,150
"1,4,5,6,13,14",22,"4,13,14",0.031,150
"4,5,6,7,8,9,10",23,10,0.779,151
"0,1,2,5,6",16,nan,0.407,151
"0,2,5,6,10",10,10,0.691,151
"4,5,6,10",5,"4,6,10",0.714,151
"1,5,6,10",12,10,0.326,151
"0,1,2,4,5,6",9,nan,0.782,151
"2,5,6,10",8,10,0.154,151
"2,5,6,10",10,10,0.619,151
"2,5,6,10",9,10,0.074,151
"0,1,2,4,5,6",22,nan,0.548,151
"0,4",7,nan,0.748,151
"0,5,6,10",2,10,0.221,151
"0,1,2,5,6",11,nan,0.715,152
"4,5,6,10",14,"4,6,10",0.798,152
"0,5,6,8",1,8,0.731,152
"4,5,6,7,8,9,10",23,10,0.39,152
"4,5,6,7,8,9,10",13,10,0.043,152
"4,5,6,7,8,9,10",25,10,0.007,152
"0,2,5,6",11,nan,0.273,152
"0,11,12",12,"11,12",0.175,152
"4,5,6,7,8,9,10",15,10,0.493,152
"1,2,4,10",22,10,0.33,152
"0,4",25,nan,0.099,152
"0,10,11,12,14",14,"10,11,12,14",0.515,152
"0,11,12",17,"11,12",0.691,152
"0,4",20,nan,0.547,152
"0,2,5,6",1,nan,0.163,152
"0,5,6,8",2,8,0.189,153
"0,1,2,5,6",24,nan,0.68,153
"1,2,4,10",12,10,0.14,153
"2,5,6,10",19,10,0.067,153
"0,5,6,10",4,10,0.228,153
"0,5,6,10",21,10,0.445,153
"0,5,6,10",18,10,0.595,153
"0,5,6,10",17,10,0.226,154
"1,2,4,10",10,10,0.214,154
"1,2,4,10",11,10,0.303,154
"0,5,6,10",14,10,0.58,154
"0,2,5,6,10",19,10,0.521,154
"0,5,6,8",5,8,0.548,154
"0,10,11,12,14",18,"10,11,12,14",0.558,154
"0,4",21,nan,0.168,154
"1,5,6,10",20,10,0.317,154
"0,1,2,5,6",9,nan,0.546,155
"4,5,6,7,8,9,10",17,10,0.529,155
"0,11,12",10,"11,12",0.212,155
"0,5,6,10",12,10,0.174,158
"0,5,6,10",18,10,0.615,159
"0,10,11,12,14",24,"10,11,12,14",0.548,165
"0,2,5,6",13,nan,0.522,165
"0,2,5,6,10",2,10,0.558,165
"0,4",18,nan,0.053,165
"0,11,12",7,"11,12",0.198,166
"4,5,6,7,8,9,10",9,10,0.515,166
"0,1,2,5,6",10,nan,0.611,166
"0,10,11,12,14",7,"10,11,12,14",0.643,166
"0,2,5,6,10",13,10,0.432,166
"4,5,6,7,8,9,10",8,10,0.386,167
"1,4,5",3,nan,0.362,167
"0,2,11,12",25,nan,0.66,167
"4,5,6,10",22,"4,6,10",0.503,167
"0,4",21,nan,0.603,167
"0,1,2,5,6",10,nan,0.395,167
"0,1,2,4,5,6",22,nan,0.538,167
"4,5,6,10",25,"4,6,10",0.303,167
"0,1,2,5,6",13,nan,0.497,167
"1,5,6,10",8,10,0.652,167
"4,5,6,7,8,9,10",24,10,0.06,167
"2,5,6,10",9,10,0.795,167
"0,5,6,10",24,10,0.342,167
"0,2,11,12",17,nan,0.785,167
"1,4,5,6,13,14",25,"4,13,14",0.79,167
"0,11,12",5,"11,12",0.735,168
"0,1,2,4,5,6",10,nan,0.118,168
"4,5,6,10",21,"4,6,10",0.073,168
"4,5,6,10",24,"4,6,10",0.746,168
"0,2,11,12",12,nan,0.215,168
"1,2,4,10",18,10,0.172,168
"0,2,5,6",25,nan,0.534,168
"0,1,2,4,5,6",22,nan,0.782,168
"1,4,5",20,nan,0.728,169
"0,4",17,nan,0.302,169
"1,4,5,6,13,14",9,"4,13,14",0.24,169
"0,10,11,12,14",19,"10,11,12,14",0.498,169
"0,2,5,6",24,nan,0.549,169
"4,5,6,7,8,9,10",16,10,0.59,169
"0,2,5,6",25,nan,0.033,169
"0,10,11,12,14",11,"10,11,12,14",0.586,169
"1,5,6,10",18,10,0.349,169
"0,10,11,12,14",12,"10,11,12,14",0.13,169
"0,2,5,6,10",16,10,0.509,169
"4,5,6,10",15,"4,6,10",0.099,169
"2,5,6,10",6,10,0.402,169
"0,1,2,5,6",11,nan,0.359,169
"0,10,11,12,14",8,"10,11,12,14",0.079,170
"2,5,6,10",3,10,0.658,170
"0,1,2,4,5,6",2,nan,0.455,170
"0,2,11,12",1,nan,0.037,170
"0,5,6,8",17,8,0.5,170
"1,4,5,6,13,14",22,"4,13,14",0.786,170
"0,5,6,8",15,8,0.065,170
"1,2,4,10",2,10,0.153,170
"0,4",19,nan,0.662,170
"4,5,6,7,8,9,10",15,10,0.132,170
"1,5,6,10",10,10,0.21,170
"1,4,5,6,13,14",4,"4,13,14",0.294,170
"0,1,2,4,5,6",9,nan,0.398,171
"0,1,2,5,6",9,nan,0.721,171
"0,10,11,12,14",4,"10,11,12,14",0.739,171
"0,10,11,12,14",4,"10,11,12,14",0.258,171
"0,5,6,10",22,10,0.424,171
"4,5,6,10",24,"4,6,10",0.632,171
"1,4,5,6,13,14",7,"4,13,14",0.006,171
"0,10,11,12,14",11,"10,11,12,14",0.65,171
"0,2,11,12",2,nan,0.66,171
"4,5,6,10",6,"4,6,10",0.129,171
"0,1,2,5,6",8,nan,0.328,171
"1,5,6,10",2,10,0.695,172
"0,2,11,12",21,nan,0.364,172
"4,5,6,10",1,"4,6,10",0.166,172
"4,5,6,7,8,9,10",20,10,0.296,172
"1,2,4,10",21,10,0.33,172
"0,10,11,12,14",14,"10,11,12,14",0.32,172
"2,5,6,10",10,10,0.323,172
"1,4,5,6,13,14",19,"4,13,14",0.085,172
"0,2,11,12",5,nan,0.081,172
"4,5,6,7,8,9,10",10,10,0.331,172
"0,11,12",20,"11,12",0.688,173
"0,11,12",6,"11,12",0.216,173
"0,2,5,6",10,nan,0.446,173
"1,5,6,10",18,10,0.313,173
"1,4,5",20,nan,0.241,173
"0,2,5,6,10",8,10,0.079,173
"4,5,6,10",24,"4,6,10",0.014,173
"0,1,2,4,5,6",7,nan,0.783,174
"0,4",20,nan,0.468,174
"0,10,11,12,14",13,"10,11,12,14",0.572,174
"0,11,12",25,"11,12",0.669,174
"4,5,6,10",6,"4,6,10",0.032,174
"0,5,6,10",5,10,0.244,174
"2,5,6,10",22,10,0.333,175
"0,1,2,5,6",14,nan,0.367,175
"4,5,6,7,8,9,10",1,10,0.447,175
"0,2,11,12",14,nan,0.034,175
"0,11,12",10,"11,12",0.534,176
"4,5,6,10",23,"4,6,10",0.252,177
"1,2,4,10",10,10,0.751,177
"1,5,6,10",7,10,0.192,177
"0,1,2,5,6",14,nan,0.177,182
"0,2,5,6,10",3,10,0.074,184
"0,1,2,4,5,6",4,nan,0.421,184
"4,5,6,7,8,9,10",22,10,0.659,185
"1,4,5",4,nan,0.455,185
"1,4,5",9,nan,0.146,185
"0,2,5,6",22,nan,0.674,185
"4,5,6,10",11,"4,6,10",0.632,186
"0,2,11,12",23,nan,0.343,186
"0,2,5,6,10",22,10,0.453,186
"1,4,5,6,13,14",9,"4,13,14",0.29,186
"0,10,11,12,14",11,"10,11,12,14",0.778,186
"0,1,2,4,5,6",8,nan,0.532,187
"0,4",9,nan,0.254,187
"1,4,5,6,13,14",24,"4,13,14",0.419,187
"0,10,11,12,14",4,"10,11,12,14",0.114,187
"0,5,6,10",6,10,0.693,187
"0,2,5,6",9,nan,0.097,187
"0,4",23,nan,0.234,187
"0,2,5,6",12,nan,0.026,187
"4,5,6,10",9,"4,6,10",0.462,187
"0,4",18,nan,0.269,188
"1,4,5,6,13,14",15,"4,13,14",0.318,188
"2,5,6,10",5,10,0.09,188
"4,5,6,10",9,"4,6,10",0.24,188
"4,5,6,7,8,9,10",9,10,0.379,188
"1,4,5,6,13,14",11,"4,13,14",0.497,188
"0,4",9,nan,0.685,188
"0,4",11,nan,0.672,188
"4,5,6,10",25,"4,6,10",0.6,188
"1,5,6,10",8,10,0.331,188
"4,5,6,10",18,"4,6,10",0.796,189
"0,10,11,12,14",22,"10,11,12,14",0.102,189
"0,1,2,4,5,6",25,nan,0.485,189
"4,5,6,10",22,"4,6,10",0.797,189
"1,4,5",5,nan,0.745,189
"0,10,11,12,14",15,"10,11,12,14",0.621,189
"0,11,12",11,"11,12",0.63,189
"0,2,5,6,10",21,10,0.376,189
"0,5,6,10",23,10,0.24,189
"1,5,6,10",1,10,0.523,189
"1,4,5,6,13,14",22,"4,13,14",0.327,189
"1,4,5",2,nan,0.015,189
"0,2,5,6",14,nan,0.323,189
"0,11,12",2,"11,12",0.7,189
"0,2,5,6",3,nan,0.568,189
"0,4",11,nan,0.222,190
"0,5,6,8",17,8,0.11,190
"0,5,6,8",4,8,0.517,190
"0,11,12",2,"11,12",0.073,190
"2,5,6,10",6,10,0.432,190
"0,2,5,6,10",14,10,0.34,190
"0,4",13,nan,0.076,190
"0,5,6,8",18,8,0.157,190
"0,10,11,12,14",8,"10,11,12,14",0.242,190
"0,2,11,12",1,nan,0.555,190
"0,1,2,4,5,6",19,nan,0.086,191
"0,5,6,10",12,10,0.189,191
"0,2,11,12",14,nan,0.092,191
"0,1,2,5,6",19,nan,0.207,191
"0,5,6,8",4,8,0.132,191
"0,5,6,10",24,10,0.716,191
"1,2,4,10",6,10,0.108,191
"0,2,11,12",10,nan,0.097,191
"0,2,11,12",16,nan,0.737,191
"0,2,11,12",14,nan,0.347,192
"1,2,4,10",8,10,0.114,192
"1,2,4,10",11,10,0.604,192
"0,1,2,4,5,6",17,nan,0.407,192
"2,5,6,10",15,10,0.498,192
"0,10,11,12,14",16,"10,11,12,14",0.359,192
"1,4,5",18,nan,0.336,192
"1,2,4,10",23,10,0.292,192
"4,5,6,10",4,"4,6,10",0.188,193
"0,2,5,6",20,nan,0.21,193
"1,5,6,10",20,10,0.3,193
"0,5,6,8",24,8,0.617,193
"0,2,11,12",8,nan,0.16,193
"1,4,5",16,nan,0.78,193
"0,1,2,4,5,6",5,nan,0.026,193
"1,2,4,10",1,10,0.669,193
"0,5,6,10",24,10,0.718,193
"0,2,5,6,10",11,10,0.374,193
"0,2,5,6",3,nan,0.185,193
"0,2,5,6",1,nan,0.727,193
"2,5,6,10",1,10,0.059,194
"0,5,6,10",19,10,0.702,194
"0,2,5,6",6,nan,0.72,194
"0,1,2,5,6",19,nan,0.178,194
"0,5,6,10",15,10,0.198,194
"0,4",10,nan,0.449,194
"0,1,2,4,5,6",6,nan,0.212,194
"1,4,5",14,nan,0.553,194
"0,5,6,10",15,10,0.503,194
"1,5,6,10",1,10,0.661,195
"0,10,11,12,14",17,"10,11,12,14",0.212,195
"0,11,12",23,"11,12",0.207,195
"0,5,6,8",18,8,0.11,196
"0,5,6,10",9,10,0.443,196
"1,5,6,10",18,10,0.141,198
"4,5,6,10",13,"4,6,10",0.662,203
"0,2,5,6,10",11,10,0.5,204
"0,2,5,6,10",20,10,0.285,204
"2,5,6,10",11,10,0.471,205
"0,2,5,6,10",13,10,0.303,205
"2,5,6,10",21,10,0.198,205
"0,11,12",16,"11,12",0.229,205
"0,4",3,nan,0.538,205
"0,5,6,10",15,10,0.482,205
"1,4,5",12,nan,0.381,206
"0,1,2,5,6",7,nan,0.543,206
"0,11,12",7,"11,12",0.796,206
"0,2,11,12",19,nan,0.738,206
"0,2,5,6,10",1,10,0.1,206
"0,10,11,12,14",20,"10,11,12,14",0.499,206
"0,11,12",7,"11,12",0.764,206
"0,1,2,4,5,6",20,nan,0.305,207
"1,2,4,10",5,10,0.031,207
"0,2,5,6,10",11,10,0.539,207
"1,2,4,10",23,10,0.733,207
"4,5,6,10",8,"4,6,10",0.478,207
"0,10,11,12,14",5,"10,11,12,14",0.731,207
"1,5,6,10",10,10,0.623,207
"0,10,11,12,14",3,"10,11,12,14",0.054,207
"2,5,6,10",17,10,0.07,207
"1,4,5",23,nan,0.137,208
"4,5,6,10",7,"4,6,10",0.279,208
"0,2,5,6",23,nan,0.376,208
"0,2,5,6,10",7,10,0.049,208
"0,2,11,12",19,nan,0.11,208
"1,5,6,10",16,10,0.258,208
"0,2,5,6,10",15,10,0.583,208
"0,11,12",20,"11,12",0.541,208
"2,5,6,10",19,10,0.351,208
"0,2,11,12",25,nan,0.029,208
"0,4",19,nan,0.643,209
"4,5,6,7,8,9,10",11,10,0.774,209
"0,5,6,8",7,8,0.026,209
"1,2,4,10",19,10,0.171,209
"0,1,2,5,6",11,nan,0.511,209
"0,11,12",14,"11,12",0.281,209
"4,5,6,7,8,9,10",21,10,0.184,209
"1,4,5,6,13,14",3,"4,13,14",0.583,209
"4,5,6,10",19,"4,6,10",0.252,209
"0,2,5,6,10",2,10,0.79,209
"1,4,5",13,nan,0.366,209
"4,5,6,10",15,"4,6,10",0.502,210
"4,5,6,7,8,9,10",8,10,0.165,210
"0,2,5,6,10",20,10,0.723,210
"0,2,5,6",3,nan,0.607,210
"1,5,6,10",25,10,0.779,210
"1,4,5",3,nan,0.754,210
"0,2,5,6",10,nan,0.326,210
"1,4,5",2,nan,0.135,210
"1,4,5",2,nan,0.562,210
"0,1,2,4,5,6",15,nan,0.363,210
"1,4,5,6,13,14",2,"4,13,14",0.011,210
"0,2,5,6",16,nan,0.44,210
"0,1,2,5,6",17,nan,0.181,211
"0,5,6,8",22,8,0.107,211
"1,5,6,10",25,10,0.676,211
"1,5,6,10",11,10,0.4,211
"0,1,2,5,6",1,nan,0.226,211
"2,5,6,10",17,10,0.764,211
"0,1,2,5,6",7,nan,0.09,211
"0,5,6,10",16,10,0.08,211
"2,5,6,10",5,10,0.406,211
"0,5,6,10",2,10,0.014,211
"0,11,12",19,"11,12",0.429,211
"0,5,6,8",22,8,0.364,211
"4,5,6,10",15,"4,6,10",0.584,211
"4,5,6,7,8,9,10",12,10,0.502,212
"4,5,6,10",25,"4,6,10",0.153,212
"0,5,6,10",20,10,0.145,212
"2,5,6,10",25,10,0.145,212
"1,5,6,10",6,10,0.045,212
"0,4",2,nan,0.244,212
"0,5,6,10",19,10,0.066,212
"0,5,6,10",3,10,0.687,213
"0,11,12",14,"11,12",0.338,213
"0,2,11,12",8,nan,0.024,213
"2,5,6,10",16,10,0.084,213
"0,5,6,8",14,8,0.081,213
"0,10,11,12,14",6,"10,11,12,14",0.148,213
"0,1,2,5,6",3,nan,0.031,213
"0,5,6,10",11,10,0.585,213
"0,5,6,10",21,10,0.667,214
"1,4,5,6,13,14",6,"4,13,14",0.265,214
"0,10,11,12,14",5,"10,11,12,14",0.291,214
"0,2,5,6,10",24,10,0.391,214
"0,5,6,8",20,8,0.185,214
"0,2,11,12",4,nan,0.145,214
"0,1,2,4,5,6",9,nan,0.276,214
"0,5,6,10",11,10,0.422,216
"0,5,6,10",7,10,0.524,216
"4,5,6,10",22,"4,6,10",0.549,216
"4,5,6,7,8,9,10",21,10,0.602,216
"0,2,11,12",16,nan,0.629,217
"1,4,5",8,nan,0.798,217
"2,5,6,10",22,10,0.593,219
"0,1,2,5,6",1,nan,0.59,224
"0,2,5,6,10",16,10,0.712,224
"0,10,11,12,14",6,"10,11,12,14",0.555,225
"0,4",16,nan,0.032,225
"0,1,2,5,6",20,nan,0.563,225
"1,4,5,6,13,14",15,"4,13,14",0.742,226
"0,10,11,12,14",10,"10,11,12,14",0.696,226
"0,1,2,5,6",14,nan,0.542,226
"1,4,5,6,13,14",10,"4,13,14",0.562,227
"0,11,12",16,"11,12",0.691,227
"0,5,6,10",1,10,0.489,227
"1,4,5,6,13,14",1,"4,13,14",0.788,227
"0,2,11,12",10,nan,0.223,227
"1,4,5,6,13,14",7,"4,13,14",0.513,227
"0,1,2,4,5,6",14,nan,0.032,227
"0,4",2,nan,0.124,227
"1,4,5",16,nan,0.354,228
"2,5,6,10",16,10,0.142,228
"0,5,6,10",11,10,0.308,228
"1,4,5",3,nan,0.017,228
"0,2,5,6,10",11,10,0.763,228
"1,5,6,10",8,10,0.408,228
"2,5,6,10",11,10,0.513,228
"4,5,6,10",14,"4,6,10",0.297,228
"2,5,6,10",12,10,0.07,228
"0,2,5,6,10",5,10,0.052,228
"0,10,11,12,14",12,"10,11,12,14",0.373,228
"1,4,5",16,nan,0.64,229
"1,2,4,10",15,10,0.506,229
"0,1,2,5,6",10,nan,0.143,229
"0,2,5,6,10",21,10,0.01,229
"1,2,4,10",19,10,0.428,229
"0,5,6,8",14,8,0.356,229
"0,2,11,12",8,nan,0.212,229
"0,1,2,4,5,6",16,nan,0.389,229
"0,4",20,nan,0.397,229
"4,5,6,10",4,"4,6,10",0.631,229
"0,2,11,12",4,nan,0.609,229
"1,2,4,10",9,10,0.611,230
"0,2,5,6",24,nan,0.552,230
"1,5,6,10",4,10,0.318,230
"0,5,6,10",22,10,0.569,230
"4,5,6,10",21,"4,6,10",0.005,230
"0,2,5,6",20,nan,0.747,230
"0,4",3,nan,0.646,230
"0,11,12",22,"11,12",0.416,230
"1,5,6,10",25,10,0.582,230
"0,1,2,5,6",25,nan,0.628,231
"0,2,11,12",2,nan,0.744,231
"4,5,6,7,8,9,10",20,10,0.506,231
"0,10,11,12,14",25,"10,11,12,14",0.578,231
"0,4",9,nan,0.654,231
"4,5,6,7,8,9,10",17,10,0.383,231
"0,1,2,5,6",20,nan,0.632,231
"0,11,12",7,"11,12",0.448,231
"0,11,12",4,"11,12",0.312,231
"1,2,4,10",7,10,0.025,231
"0,1,2,5,6",25,nan,0.489,231
"0,11,12",15,"11,12",0.326,232
"1,2,4,10",25,10,0.639,232
"1,5,6,10",16,10,0.749,232
"0,2,11,12",18,nan,0.434,232
"0,10,11,12,14",2,"10,11,12,14",0.282,232
"1,5,6,10",20,10,0.677,232
"1,5,6,10",18,10,0.407,232
"1,4,5",22,nan,0.444,232
"1,4,5",4,nan,0.606,233
"0,11,12",3,"11,12",0.226,233
"0,2,5,6,10",24,10,0.607,233
"0,11,12",19,"11,12",0.689,233
"1,2,4,10",12,10,0.616,233
"0,10,11,12,14",2,"10,11,12,14",0.504,233
"4,5,6,7,8,9,10",7,10,0.71,233
"0,5,6,8",20,8,0.654,233
"1,4,5",9,nan,0.694,233
"0,1,2,5,6",6,nan,0.155,233
"1,4,5",4,nan,0.301,233
"0,10,11,12,14",9,"10,11,12,14",0.167,233
"1,4,5,6,13,14",3,"4,13,14",0.507,233
"4,5,6,7,8,9,10",24,10,0.154,233
"0,1,2,5,6",4,nan,0.626,233
"0,1,2,5,6",21,nan,0.556,234
"1,5,6,10",19,10,0.726,234
"0,4",10,nan,0.269,234
"1,5,6,10",24,10,0.365,234
"0,1,2,5,6",22,nan,0.676,234
"0,2,5,6,10",15,10,0.459,235
"4,5,6,7,8,9,10",22,10,0.731,235
"0,11,12",23,"11,12",0.076,235
"0,2,5,6,10",1,10,0.168,235
"0,11,12",16,"11,12",0.158,235
"1,4,5",20,nan,0.611,235
"4,5,6,7,8,9,10",17,10,0.321,235
"0,11,12",2,"11,12",0.744,236
"0,2,11,12",8,nan,0.64,236
"0,5,6,8",14,8,0.517,236
"0,1,2,4,5,6",3,nan,0.355,236
"1,5,6,10",17,10,0.713,237
"1,4,5",12,nan,0.717,237
"0,2,11,12",7,nan,0.225,238
"1,4,5",15,nan,0.01,244
"4,5,6,7,8,9,10",16,10,0.026,244
"0,5,6,10",5,10,0.621,244
"1,4,5",4,nan,0.019,244
"1,2,4,10",12,10,0.373,245
"0,5,6,8",23,8,0.319,245
"0,5,6,10",8,10,0.028,245
"0,4",14,nan,0.085,246
"1,2,4,10",13,10,0.312,246
"0,2,5,6",13,nan,0.111,246
"0,2,11,12",13,nan,0.355,246
"1,4,5",8,nan,0.418,246
"1,4,5",16,nan,0.546,246
"0,5,6,8",8,8,0.411,247
"0,11,12",16,"11,12",0.207,247
"1,4,5",14,nan,0.779,247
"4,5,6,10",5,"4,6,10",0.443,247
"0,5,6,8",7,8,0.303,247
"0,11,12",9,"11,12",0.738,247
"0,10,11,12,14",21,"10,11,12,14",0.386,247
"1,4,5",19,nan,0.053,247
"0,1,2,5,6",8,nan,0.634,247
"1,4,5",5,nan,0.719,247
"0,2,11,12",10,nan,0.594,248
"1,4,5",12,nan,0.474,248
"0,1,2,4,5,6",9,nan,0.47,248
"2,5,6,10",16,10,0.406,248
"0,2,5,6,10",4,10,0.739,248
"1,5,6,10",24,10,0.142,248
"0,1,2,4,5,6",1,nan,0.765,248
"0,2,5,6,10",16,10,0.275,248
"0,1,2,5,6",9,nan,0.544,248
"0,1,2,5,6",17,nan,0.033,248
"0,5,6,8",2,8,0.784,249
"0,2,5,6",20,nan,0.362,249
"0,5,6,8",20,8,0.597,249
"4,5,6,10",4,"4,6,10",0.287,249
"2,5,6,10",2,10,0.487,249
"0,2,5,6",21,nan,0.285,249
"0,5,6,8",19,8,0.511,249
"0,1,2,5,6",1,nan,0.367,249
"1,4,5,6,13,14",22,"4,13,14",0.127,249
"0,10,11,12,14",20,"10,11,12,14",0.441,249
"0,4",22,nan,0.4,250
"0,1,2,5,6",7,nan,0.575,250
"4,5,6,7,8,9,10",12,10,0.391,250
"0,2,5,6",1,nan,0.412,250
"1,5,6,10",1,10,0.197,250
"1,4,5",14,nan,0.053,250
"4,5,6,7,8,9,10",6,10,0.065,250
"0,1,2,4,5,6",7,nan,0.705,250
"1,4,5,6,13,14",10,"4,13,14",0.644,250
"0,2,11,12",16,nan,0.793,250
"0,2,5,6,10",13,10,0.124,250
"0,1,2,5,6",25,nan,0.7,250
"0,2,5,6,10",1,10,0.275,250
"2,5,6,10",21,10,0.227,250
"1,4,5,6,13,14",7,"4,13,14",0.111,250
"0,2,11,12",4,nan,0.037,251
"1,2,4,10",3,10,0.437,251
"1,5,6,10",25,10,0.56,251
"1,4,5,6,13,14",7,"4,13,14",0.25,251
"0,1,2,5,6",23,nan,0.212,251
"0,5,6,8",19,8,0.799,251
"0,10,11,12,14",9,"10,11,12,14",0.25,251
"0,2,11,12",2,nan,0.226,251
"0,5,6,10",15,10,0.062,251
"0,2,5,6,10",5,10,0.428,251
"0,10,11,12,14",8,"10,11,12,14",0.537,251
"0,5,6,10",6,10,0.266,251
"0,5,6,10",3,10,0.123,252
"4,5,6,7,8,9,10",23,10,0.142,252
"0,10,11,12,14",15,"10,11,12,14",0.414,252
"2,5,6,10",4,10,0.263,252
"4,5,6,10",18,"4,6,10",0.774,252
"0,4",5,nan,0.149,252
"0,11,12",23,"11,12",0.797,252
"1,4,5",2,nan,0.016,252
"0,1,2,5,6",12,nan,0.659,252
"4,5,6,7,8,9,10",20,10,0.298,252
"1,4,5,6,13,14",11,"4,13,14",0.799,253
"1,4,5",23,nan,0.176,253
"0,2,5,6",10,nan,0.349,253
"1,5,6,10",14,10,0.149,253
"0,10,11,12,14",7,"10,11,12,14",0.365,253
"0,4",15,nan,0.228,253
"0,11,12",13,"11,12",0.106,253
"0,2,11,12",18,nan,0.064,253
"0,2,5,6",19,nan,0.37,253
"0,2,5,6,10",24,10,0.57,254
"2,5,6,10",21,10,0.093,254
"1,4,5",3,nan,0.36,254
"0,1,2,4,5,6",6,nan,0.379,255
"0,11,12",2,"11,12",0.338,255
"0,2,5,6,10",5,10,0.744,255
"1,4,5,6,13,14",16,"4,13,14",0.557,255
"0,2,5,6",9,nan,0.51,255
"1,4,5,6,13,14",8,"4,13,14",0.662,256
"0,5,6,10",5,10,0.036,256
"4,5,6,7,8,9,10",6,10,0.442,257
"1,4,5",13,nan,0.077,265
"0,2,5,6",8,nan,0.548,265
"2,5,6,10",3,10,0.243,265
"1,5,6,10",15,10,0.185,266
"1,5,6,10",2,10,0.432,266
"1,4,5",13,nan,0.231,266
"4,5,6,7,8,9,10",7,10,0.263,266
"2,5,6,10",14,10,0.483,266
"0,1,2,4,5,6",18,nan,0.217,266
"0,5,6,10",3,10,0.35,266
"0,2,5,6,10",20,10,0.492,266
"1,2,4,10",8,10,0.053,266
"0,4",24,nan,0.319,266
"2,5,6,10",21,10,0.45,267
"0,1,2,4,5,6",18,nan,0.446,267
"0,1,2,4,5,6",9,nan,0.027,267
"2,5,6,10",24,10,0.087,267
"0,1,2,4,5,6",1,nan,0.066,267
"0,4",23,nan,0.188,267
"0,4",9,nan,0.462,267
"0,5,6,10",7,10,0.133,267
"0,5,6,8",19,8,0.036,267
"0,4",3,nan,0.317,267
"0,1,2,4,5,6",13,nan,0.682,267
"1,4,5",10,nan,0.155,267
"0,2,5,6",9,nan,0.516,267
"0,10,11,12,14",21,"10,11,12,14",0.012,267
"0,11,12",23,"11,12",0.597,267
"1,4,5",20,nan,0.326,268
"0,2,5,6,10",7,10,0.671,268
"2,5,6,10",5,10,0.484,268
"0,4",2,nan,0.118,268
"0,1,2,4,5,6",17,nan,0.497,268
"0,2,5,6",8,nan,0.602,268
"0,5,6,10",21,10,0.06,268
"0,2,5,6",3,nan,0.289,269
"0,5,6,8",25,8,0.169,269
"0,5,6,8",13,8,0.17,269
"0,1,2,5,6",16,nan,0.588,269
"1,4,5,6,13,14",2,"4,13,14",0.798,269
"0,2,11,12",1,nan,0.039,269
"0,2,11,12",2,nan,0.163,269
"1,4,5",12,nan,0.296,269
"0,5,6,10",1,10,0.721,269
"0,1,2,4,5,6",3,nan,0.423,269
"0,10,11,12,14",25,"10,11,12,14",0.032,270
"0,2,5,6,10",10,10,0.223,270
"4,5,6,10",11,"4,6,10",0.154,270
"0,2,11,12",1,nan,0.707,270
"0,2,5,6,10",2,10,0.159,270
"1,4,5,6,13,14",9,"4,13,14",0.6,270
"0,2,5,6",2,nan,0.082,270
"4,5,6,10",16,"4,6,10",0.419,270
"0,1,2,5,6",9,nan,0.028,270
"1,2,4,10",21,10,0.26,270
"0,2,11,12",6,nan,0.696,270
"0,4",18,nan,0.029,270
"1,2,4,10",10,10,0.43,270
"0,11,12",6,"11,12",0.183,270
"0,2,11,12",7,nan,0.05,271
"2,5,6,10",17,10,0.384,271
"1,5,6,10",18,10,0.645,271
"1,4,5,6,13,14",5,"4,13,14",0.262,271
"0,2,5,6,10",16,10,0.509,271
"1,4,5",25,nan,0.414,271
"0,11,12",4,"11,12",0.331,271
"0,1,2,4,5,6",21,nan,0.141,271
"0,2,5,6,10",6,10,0.577,271
"1,4,5,6,13,14",17,"4,13,14",0.064,271
"0,11,12",23,"11,12",0.392,271
"2,5,6,10",10,10,0.326,271
"4,5,6,10",17,"4,6,10",0.59,271
"1,4,5,6,13,14",19,"4,13,14",0.339,271
"0,10,11,12,14",4,"10,11,12,14",0.037,271
"1,5,6,10",18,10,0.262,272
"4,5,6,7,8,9,10",15,10,0.652,272
"0,11,12",6,"11,12",0.094,272
"4,5,6,10",9,"4,6,10",0.293,272
"1,2,4,10",13,10,0.25,272
"0,2,5,6,10",16,10,0.507,272
"0,10,11,12,14",8,"10,11,12,14",0.757,272
"0,1,2,4,5,6",18,nan,0.099,272
"1,2,4,10",21,10,0.526,272
"0,11,12",9,"11,12",0.328,272
"1,5,6,10",23,10,0.615,273
"0,5,6,8",15,8,0.675,273
"4,5,6,7,8,9,10",12,10,0.74,273
"0,5,6,10",24,10,0.582,273
"0,4",12,nan,0.445,273
"0,4",8,nan,0.545,274
"1,5,6,10",4,10,0.757,274
"0,4",19,nan,0.781,274
"1,5,6,10",4,10,0.646,274
"4,5,6,10",25,"4,6,10",0.197,274
"0,2,11,12",2,nan,0.301,274
"1,2,4,10",10,10,0.422,275
"0,2,5,6,10",15,10,0.714,276
"0,10,11,12,14",7,"10,11,12,14",0.732,276
"1,2,4,10",12,10,0.361,277
"4,5,6,7,8,9,10",13,10,0.43,278
"1,5,6,10",12,10,0.57,285
"2,5,6,10",19,10,0.231,285
"4,5,6,7,8,9,10",5,10,0.274,285
"0,1,2,5,6",25,nan,0.092,285
"2,5,6,10",13,10,0.121,286
"0,10,11,12,14",17,"10,11,12,14",0.336,286
"1,5,6,10",16,10,0.444,286
"0,2,5,6",8,nan,0.359,286
"1,2,4,10",17,10,0.634,286
"1,2,4,10",4,10,0.194,287
"1,4,5",7,nan,0.521,287
"4,5,6,10",14,"4,6,10",0.262,287
"0,5,6,8",20,8,0.464,287
"1,4,5",5,nan,0.736,287
"0,10,11,12,14",16,"10,11,12,14",0.517,287
"0,5,6,10",5,10,0.689,287
"0,2,5,6,10",9,10,0.324,287
"0,2,5,6,10",7,10,0.661,287
"0,4",15,nan,0.615,287
"0,2,5,6",5,nan,0.429,288
"0,10,11,12,14",7,"10,11,12,14",0.496,288
"2,5,6,10",9,10,0.209,288
"0,5,6,10",5,10,0.035,288
"0,1,2,4,5,6",21,nan,0.543,288
"1,4,5,6,13,14",9,"4,13,14",0.185,288
"0,2,11,12",9,nan,0.041,288
"1,2,4,10",14,10,0.486,288
"4,5,6,10",17,"4,6,10",0.689,289
"0,4",6,nan,0.392,289
"4,5,6,7,8,9,10",17,10,0.144,289
"4,5,6,10",14,"4,6,10",0.489,289
"0,1,2,4,5,6",24,nan,0.235,289
"0,1,2,5,6",21,nan,0.458,289
"0,1,2,5,6",22,nan,0.23,289
"1,4,5,6,13,14",5,"4,13,14",0.739,289
"1,5,6,10",25,10,0.391,289
"0,5,6,10",11,10,0.208,289
"1,2,4,10",14,10,0.519,289
"2,5,6,10",3,10,0.654,289
"1,4,5,6,13,14",11,"4,13,14",0.426,289
"1,4,5,6,13,14",17,"4,13,14",0.741,289
"1,5,6,10",7,10,0.716,289
"0,10,11,12,14",13,"10,11,12,14",0.011,289
"0,1,2,5,6",11,nan,0.673,290
"1,4,5,6,13,14",8,"4,13,14",0.273,290
"0,2,5,6,10",3,10,0.562,290
"0,1,2,5,6",7,nan,0.528,290
"1,5,6,10",11,10,0.584,290
"0,5,6,8",18,8,0.542,290
"0,2,5,6,10",20,10,0.716,290
"4,5,6,7,8,9,10",3,10,0.775,290
"1,5,6,10",5,10,0.787,290
"1,4,5",1,nan,0.475,290
"0,2,5,6",23,nan,0.603,290
"0,1,2,4,5,6",13,nan,0.018,291
"1,4,5",5,nan,0.469,291
"1,2,4,10",25,10,0.44,291
"1,4,5",13,nan,0.094,291
"4,5,6,10",4,"4,6,10",0.139,291
"4,5,6,7,8,9,10",15,10,0.469,291
"4,5,6,7,8,9,10",1,10,0.425,291
"2,5,6,10",8,10,0.321,291
"0,2,11,12",25,nan,0.401,291
"0,11,12",9,"11,12",0.643,291
"4,5,6,7,8,9,10",22,10,0.654,291
"0,5,6,10",19,10,0.476,291
"1,4,5",15,nan,0.516,292
"4,5,6,7,8,9,10",3,10,0.224,292
"1,4,5",4,nan,0.151,292
"1,5,6,10",6,10,0.789,292
"0,1,2,5,6",11,nan,0.183,292
"0,5,6,10",14,10,0.221,292
"0,11,12",19,"11,12",0.674,292
"0,2,5,6",15,nan,0.295,292
"0,1,2,4,5,6",5,nan,0.067,292
"0,1,2,4,5,6",7,nan,0.793,292
"1,4,5,6,13,14",19,"4,13,14",0.209,292
"0,4",1,nan,0.733,292
"0,10,11,12,14",6,"10,11,12,14",0.433,292
"0,5,6,10",15,10,0.685,292
"0,1,2,5,6",23,nan,0.349,292
"0,10,11,12,14",14,"10,11,12,14",0.696,292
"0,10,11,12,14",3,"10,11,12,14",0.694,292
"0,11,12",16,"11,12",0.17,293
"4,5,6,10",9,"4,6,10",0.251,293
"1,2,4,10",22,10,0.722,293
"0,5,6,10",17,10,0.748,294
"2,5,6,10",2,10,0.038,294
"4,5,6,7,8,9,10",20,10,0.417,294
"4,5,6,10",18,"4,6,10",0.758,294
"4,5,6,10",7,"4,6,10",0.543,294
"0,1,2,5,6",22,nan,0.09,295
"0,5,6,10",23,10,0.374,295
"0,1,2,5,6",5,nan,0.108,296
"1,2,4,10",6,10,0.071,296
"1,4,5",14,nan,0.462,296
"1,4,5",5,nan,0.022,297
"1,5,6,10",4,10,0.174,297
"0,2,5,6",5,nan,0.019,300
"4,5,6,7,8,9,10",21,10,0.305,300
"4,5,6,10",19,"4,6,10",0.661,303
"0,11,12",25,"11,12",0.584,304
"4,5,6,10",11,"4,6,10",0.712,305
"0,5,6,10",10,10,0.251,305
"0,2,5,6",7,nan,0.794,305
"0,5,6,10",23,10,0.174,305
"1,5,6,10",25,10,0.729,305
"0,2,11,12",23,nan,0.691,306
"0,4",11,nan,0.772,306
"0,4",9,nan,0.336,306
"0,2,11,12",21,nan,0.654,306
"0,5,6,10",25,10,0.274,306
"2,5,6,10",17,10,0.179,306
"1,4,5",25,nan,0.197,307
"1,4,5,6,13,14",2,"4,13,14",0.598,307
"4,5,6,7,8,9,10",9,10,0.031,307
"1,4,5",24,nan,0.005,307
"1,2,4,10",11,10,0.056,307
"0,2,5,6,10",14,10,0.333,307
"1,4,5,6,13,14",21,"4,13,14",0.481,307
"0,5,6,10",12,10,0.459,307
"0,2,11,12",14,nan,0.459,307
"4,5,6,7,8,9,10",9,10,0.292,307
"0,4",19,nan,0.021,308
"4,5,6,7,8,9,10",14,10,0.493,308
"0,11,12",3,"11,12",0.409,308
"4,5,6,10",19,"4,6,10",0.526,308
"0,1,2,4,5,6",19,nan,0.677,308
"0,11,12",8,"11,12",0.376,308
"0,2,5,6,10",17,10,0.508,308
"0,5,6,8",14,8,0.332,308
"0,5,6,8",16,8,0.786,308
"1,5,6,10",20,10,0.142,308
"4,5,6,10",9,"4,6,10",0.269,308
"4,5,6,10",17,"4,6,10",0.144,308
"0,4",10,nan,0.76,308
"0,11,12",6,"11,12",0.322,308
"0,5,6,8",15,8,0.122,309
"4,5,6,10",21,"4,6,10",0.104,309
"0,10,11,12,14",24,"10,11,12,14",0.006,309
"1,4,5",25,nan,0.28,309
"2,5,6,10",20,10,0.613,309
"0,4",9,nan,0.199,309
"0,1,2,4,5,6",21,nan,0.397,309
"1,4,5,6,13,14",4,"4,13,14",0.078,309
"0,1,2,4,5,6",16,nan,0.329,309
"1,2,4,10",14,10,0.167,309
"0,4",16,nan,0.734,309
"1,2,4,10",2,10,0.291,309
"1,5,6,10",16,10,0.273,309
"0,2,11,12",16,nan,0.341,310
"2,5,6,10",13,10,0.001,310
"0,2,5,6,10",24,10,0.18,310
"0,5,6,10",10,10,0.573,310
"0,2,11,12",9,nan,0.116,310
"1,4,5,6,13,14",2,"4,13,14",0.147,310
"0,11,12",19,"11,12",0.766,310
"1,4,5,6,13,14",3,"4,13,14",0.448,310
"0,5,6,8",10,8,0.747,310
"0,11,12",18,"11,12",0.666,310
"0,1,2,4,5,6",7,nan,0.434,310
"0,2,5,6",14,nan,0.726,311
"1,2,4,10",16,10,0.174,311
"0,2,11,12",1,nan,0.513,311
"2,5,6,10",11,10,0.597,311
"0,1,2,5,6",13,nan,0.371,311
"4,5,6,10",4,"4,6,10",0.753,311
"1,2,4,10",15,10,0.031,311
"0,2,5,6,10",17,10,0.541,311
"1,5,6,10",21,10,0.751,311
"0,4",15,nan,0.143,312
"0,11,12",15,"11,12",0.285,312
"0,5,6,10",16,10,0.436,312
"1,4,5",24,nan,0.004,312
"2,5,6,10",24,10,0.389,312
"0,11,12",13,"11,12",0.401,312
"0,2,5,6,10",15,10,0.38,312
"1,5,6,10",18,10,0.777,312
"0,11,12",14,"11,12",0.443,312
"1,2,4,10",4,10,0.237,313
"0,2,5,6",18,nan,0.203,313
"0,2,5,6,10",20,10,0.461,313
"0,2,5,6,10",10,10,0.239,313
"0,11,12",13,"11,12",0.568,313
"0,2,5,6",3,nan,0.51,313
"0,10,11,12,14",16,"10,11,12,14",0.034,314
"0,2,5,6",10,nan,0.232,314
"2,5,6,10",18,10,0.794,314
"2,5,6,10",20,10,0.586,314
"0,2,11,12",15,nan,0.053,315
"0,1,2,5,6",2,nan,0.452,315
"0,5,6,10",3,10,0.071,315
"0,2,11,12",4,nan,0.646,315
"4,5,6,7,8,9,10",9,10,0.059,315
"0,1,2,5,6",22,nan,0.704,315
"1,4,5,6,13,14",2,"4,13,14",0.08,315
"1,5,6,10",14,10,0.467,316
"0,10,11,12,14",17,"10,11,12,14",0.348,316
"0,5,6,10",14,10,0.741,316
"0,2,11,12",20,nan,0.263,318
"1,2,4,10",5,10,0.346,323
"0,2,5,6,10",23,10,0.361,324
"1,2,4,10",12,10,0.629,324
"0,10,11,12,14",12,"10,11,12,14",0.674,325
"1,5,6,10",8,10,0.76,325
"0,5,6,8",20,8,0.473,325
"2,5,6,10",6,10,0.493,325
"4,5,6,10",23,"4,6,10",0.007,325
"0,2,11,12",4,nan,0.362,325
"1,4,5",24,nan,0.549,325
"0,2,5,6,10",3,10,0.772,325
"4,5,6,10",9,"4,6,10",0.64,325
"1,2,4,10",3,10,0.512,326
"0,1,2,5,6",25,nan,0.446,326
"0,5,6,10",25,10,0.065,326
"2,5,6,10",10,10,0.274,326
"0,10,11,12,14",9,"10,11,12,14",0.465,326
"1,5,6,10",4,10,0.549,326
"1,4,5",15,nan,0.134,326
"2,5,6,10",17,10,0.44,326
"0,11,12",10,"11,12",0.638,327
"0,10,11,12,14",13,"10,11,12,14",0.108,327
"1,4,5,6,13,14",9,"4,13,14",0.212,327
"4,5,6,7,8,9,10",3,10,0.291,327
"1,4,5,6,13,14",18,"4,13,14",0.692,327
"0,5,6,10",15,10,0.273,327
"0,10,11,12,14",2,"10,11,12,14",0.478,327
"1,2,4,10",16,10,0.539,328
"0,1,2,5,6",2,nan,0.775,328
"4,5,6,10",9,"4,6,10",0.315,328
"0,2,5,6,10",24,10,0.655,328
"0,2,11,12",18,nan,0.394,328
"2,5,6,10",7,10,0.327,328
"0,2,11,12",2,nan,0.008,328
"0,2,11,12",19,nan,0.034,329
"2,5,6,10",3,10,0.173,329
"0,2,5,6",14,nan,0.314,329
"0,5,6,10",24,10,0.223,329
"1,5,6,10",22,10,0.57,329
"0,11,12",25,"11,12",0.799,329
"1,2,4,10",18,10,0.053,330
"4,5,6,7,8,9,10",21,10,0.48,330
"1,5,6,10",9,10,0.048,330
"0,5,6,8",13,8,0.362,330
"0,5,6,8",8,8,0.288,330
"1,4,5",25,nan,0.761,330
"1,5,6,10",19,10,0.035,330
"0,1,2,5,6",1,nan,0.128,330
"0,11,12",23,"11,12",0.755,330
"0,5,6,8",21,8,0.617,330
"1,2,4,10",12,10,0.408,330
"0,4",3,nan,0.308,330
"0,4",24,nan,0.438,330
"1,4,5",11,nan,0.771,330
"4,5,6,7,8,9,10",15,10,0.007,330
"0,5,6,8",2,8,0.483,330
"0,10,11,12,14",21,"10,11,12,14",0.266,330
"1,5,6,10",20,10,0.054,330
"0,4",6,nan,0.601,331
"1,4,5,6,13,14",24,"4,13,14",0.672,331
"0,1,2,5,6",22,nan,0.769,331
"0,4",10,nan,0.576,331
"1,5,6,10",15,10,0.293,331
"1,4,5,6,13,14",15,"4,13,14",0.314,331
"0,2,11,12",10,nan,0.769,331
"1,5,6,10",14,10,0.153,331
"4,5,6,7,8,9,10",2,10,0.393,331
"4,5,6,7,8,9,10",9,10,0.521,331
"0,2,11,12",1,nan,0.652,331
"0,2,5,6,10",18,10,0.256,332
"0,2,11,12",18,nan,0.002,332
"4,5,6,7,8,9,10",3,10,0.351,332
"1,5,6,10",2,10,0.044,332
"4,5,6,10",15,"4,6,10",0.553,332
"0,2,5,6",23,nan,0.197,332
"0,5,6,8",7,8,0.626,332
"4,5,6,10",17,"4,6,10",0.258,332
"1,2,4,10",14,10,0.691,332
"2,5,6,10",25,10,0.04,333
"2,5,6,10",11,10,0.397,333
"4,5,6,10",11,"4,6,10",0.222,333
"4,5,6,10",8,"4,6,10",0.703,333
"0,5,6,8",22,8,0.554,333
"0,5,6,8",7,8,0.328,333
"0,5,6,10",11,10,0.364,334
"4,5,6,7,8,9,10",18,10,0.578,334
"1,4,5",9,nan,0.141,334
"0,2,5,6,10",23,10,0.041,334
"0,5,6,8",11,8,0.319,334
"0,1,2,5,6",14,nan,0.351,334
"0,2,5,6",3,nan,0.063,334
"1,2,4,10",10,10,0.374,334
"0,5,6,10",9,10,0.224,334
"4,5,6,10",7,"4,6,10",0.749,335
"4,5,6,7,8,9,10",16,10,0.173,335
"0,10,11,12,14",10,"10,11,12,14",0.346,335
"0,11,12",17,"11,12",0.331,335
"0,2,5,6,10",5,10,0.025,336
"4,5,6,7,8,9,10",10,10,0.567,337
"0,1,2,4,5,6",9,nan,0.199,338
"0,4",23,nan,0.165,344
"1,2,4,10",10,10,0.416,344
"0,2,5,6,10",15,10,0.601,345
"0,2,5,6,10",9,10,0.276,345
"1,4,5",13,nan,0.332,346
"4,5,6,10",8,"4,6,10",0.214,346
"4,5,6,10",6,"4,6,10",0.645,346
"4,5,6,7,8,9,10",3,10,0.313,346
"4,5,6,7,8,9,10",8,10,0.019,346
"0,10,11,12,14",23,"10,11,12,14",0.346,346
"1,4,5",20,nan,0.629,346
"1,2,4,10",1,10,0.55,346
"0,5,6,10",5,10,0.552,346
"0,2,5,6,10",8,10,0.161,347
"1,4,5,6,13,14",1,"4,13,14",0.401,347
"0,5,6,8",18,8,0.021,347
"1,4,5",22,nan,0.249,347
"1,5,6,10",19,10,0.178,347
"0,5,6,10",9,10,0.566,347
"0,10,11,12,14",11,"10,11,12,14",0.35,347
"0,1,2,4,5,6",16,nan,0.341,347
"0,10,11,12,14",17,"10,11,12,14",0.759,347
"4,5,6,7,8,9,10",4,10,0.481,347
"1,2,4,10",17,10,0.189,347
"2,5,6,10",21,10,0.584,348
"0,5,6,10",14,10,0.61,348
"0,2,5,6",7,nan,0.286,348
"1,4,5",5,nan,0.73,348
"0,10,11,12,14",6,"10,11,12,14",0.562,348
"1,4,5",1,nan,0.322,348
"0,1,2,4,5,6",16,nan,0.257,348
"0,2,5,6",14,nan,0.147,348
"2,5,6,10",23,10,0.413,348
"4,5,6,7,8,9,10",17,10,0.445,348
"0,2,5,6,10",3,10,0.407,348
"4,5,6,10",19,"4,6,10",0.314,348
"1,4,5,6,13,14",19,"4,13,14",0.676,348
"0,11,12",14,"11,12",0.088,349
"0,4",15,nan,0.288,349
"4,5,6,7,8,9,10",25,10,0.253,349
"4,5,6,7,8,9,10",1,10,0.799,349
"0,5,6,8",21,8,0.724,349
"0,1,2,4,5,6",15,nan,0.026,349
"4,5,6,10",3,"4,6,10",0.577,349
"0,1,2,4,5,6",1,nan,0.501,349
"0,11,12",2,"11,12",0.189,349
"0,5,6,10",20,10,0.179,349
"4,5,6,10",21,"4,6,10",0.47,349
"0,5,6,10",8,10,0.649,349
"0,4",13,nan,0.29,349
"0,11,12",15,"11,12",0.411,349
"1,4,5",20,nan,0.05,349
"1,2,4,10",6,10,0.778,349
"0,10,11,12,14",21,"10,11,12,14",0.283,349
"0,2,5,6,10",22,10,0.744,350
"0,2,5,6,10",10,10,0.01,350
"1,4,5,6,13,14",4,"4,13,14",0.618,350
"2,5,6,10",14,10,0.548,350
"4,5,6,7,8,9,10",23,10,0.538,350
"4,5,6,10",19,"4,6,10",0.668,350
"0,2,5,6,10",8,10,0.266,350
"4,5,6,10",23,"4,6,10",0.557,350
"4,5,6,10",12,"4,6,10",0.222,350
"1,4,5,6,13,14",3,"4,13,14",0.102,351
"0,5,6,10",15,10,0.178,351
"1,4,5",4,nan,0.448,351
"0,2,11,12",14,nan,0.699,351
"1,2,4,10",16,10,0.302,351
"4,5,6,7,8,9,10",24,10,0.474,351
"0,11,12",19,"11,12",0.162,351
"1,4,5,6,13,14",13,"4,13,14",0.108,351
"1,4,5,6,13,14",15,"4,13,14",0.578,351
"1,2,4,10",8,10,0.24,351
"4,5,6,10",15,"4,6,10",0.461,351
"0,2,5,6",22,nan,0.241,351
"0,1,2,4,5,6",19,nan,0.259,351
"0,5,6,10",1,10,0.48,352
"2,5,6,10",9,10,0.074,352
"0,5,6,8",23,8,0.625,352
"0,4",5,nan,0.223,352
"0,1,2,4,5,6",1,nan,0.509,352
"0,1,2,4,5,6",9,nan,0.431,352
"0,1,2,5,6",6,nan,0.298,352
"0,10,11,12,14",23,"10,11,12,14",0.736,352
"1,5,6,10",24,10,0.762,352
"0,1,2,5,6",18,nan,0.719,353
"0,1,2,4,5,6",21,nan,0.362,353
"4,5,6,10",8,"4,6,10",0.703,353
"0,2,5,6,10",23,10,0.108,353
"1,4,5,6,13,14",5,"4,13,14",0.009,354
"4,5,6,7,8,9,10",8,10,0.421,354
"0,10,11,12,14",9,"10,11,12,14",0.299,354
"0,4",13,nan,0.536,355
"1,5,6,10",14,10,0.536,355
"1,4,5",25,nan,0.363,355
"0,5,6,8",25,8,0.119,356
"0,2,5,6,10",21,10,0.672,357
"1,5,6,10",2,10,0.737,358
"0,5,6,8",8,8,0.183,359
"1,4,5,6,13,14",10,"4,13,14",0.604,361
"0,10,11,12,14",13,"10,11,12,14",0.541,364
"4,5,6,7,8,9,10",15,10,0.26,364
"0,10,11,12,14",18,"10,11,12,14",0.24,365
"0,2,11,12",24,nan,0.005,365
"4,5,6,10",18,"4,6,10",0.174,365
"0,2,5,6,10",4,10,0.305,365
"4,5,6,10",23,"4,6,10",0.313,366
"0,5,6,8",22,8,0.253,366
"1,4,5,6,13,14",7,"4,13,14",0.083,366
"0,5,6,10",19,10,0.337,366
"4,5,6,7,8,9,10",6,10,0.336,366
"0,1,2,4,5,6",15,nan,0.084,366
"0,2,5,6,10",9,10,0.035,366
"0,11,12",8,"11,12",0.558,367
"0,10,11,12,14",14,"10,11,12,14",0.701,367
"0,10,11,12,14",25,"10,11,12,14",0.593,367
"1,4,5",6,nan,0.014,367
"0,10,11,12,14",2,"10,11,12,14",0.566,367
"4,5,6,10",16,"4,6,10",0.239,367
"1,4,5,6,13,14",15,"4,13,14",0.409,367
"0,4",11,nan,0.567,367
"0,2,5,6",11,nan,0.461,368
"0,11,12",7,"11,12",0.123,368
"0,1,2,5,6",13,nan,0.133,368
"1,2,4,10",13,10,0.541,369
"0,2,5,6,10",11,10,0.406,369
"0,10,11,12,14",20,"10,11,12,14",0.256,369
"0,2,11,12",25,nan,0.472,369
"1,5,6,10",21,10,0.77,369
"0,1,2,4,5,6",21,nan,0.298,369
"2,5,6,10",21,10,0.787,369
"0,5,6,10",2,10,0.555,369
"0,4",18,nan,0.193,369
"0,2,11,12",19,nan,0.185,369
"0,11,12",13,"11,12",0.089,369
"2,5,6,10",7,10,0.682,369
"1,2,4,10",9,10,0.463,370
"0,5,6,8",18,8,0.721,370
"0,5,6,8",21,8,0.151,370
"0,2,11,12",5,nan,0.029,370
"4,5,6,7,8,9,10",11,10,0.327,370
"4,5,6,7,8,9,10",9,10,0.714,370
"1,4,5,6,13,14",24,"4,13,14",0.652,370
"0,4",2,nan,0.764,370
"4,5,6,7,8,9,10",24,10,0.719,370
"0,2,11,12",12,nan,0.187,370
"0,1,2,4,5,6",12,nan,0.318,370
"0,2,5,6,10",10,10,0.728,370
"1,2,4,10",21,10,0.605,370
"2,5,6,10",1,10,0.379,370
"1,2,4,10",18,10,0.579,370
"2,5,6,10",20,10,0.042,370
"0,10,11,12,14",6,"10,11,12,14",0.159,371
"1,5,6,10",21,10,0.041,371
"0,4",21,nan,0.67,371
"0,1,2,4,5,6",8,nan,0.47,371
"1,4,5,6,13,14",7,"4,13,14",0.229,371
"1,2,4,10",18,10,0.071,371
"4,5,6,7,8,9,10",11,10,0.489,371
"0,4",14,nan,0.592,371
"1,4,5,6,13,14",24,"4,13,14",0.712,371
"2,5,6,10",5,10,0.562,371
"0,4",23,nan,0.763,371
"0,1,2,4,5,6",14,nan,0.21,371
"0,2,5,6,10",22,10,0.129,371
"0,5,6,10",23,10,0.476,372
"0,5,6,10",15,10,0.342,372
"0,1,2,5,6",19,nan,0.637,372
"0,1,2,5,6",15,nan,0.714,372
"1,5,6,10",5,10,0.519,372
"0,4",25,nan,0.753,372
"0,2,5,6",3,nan,0.45,372
"1,4,5",3,nan,0.657,372
"1,4,5,6,13,14",9,"4,13,14",0.605,372
"1,2,4,10",20,10,0.015,372
"2,5,6,10",3,10,0.124,372
"0,11,12",10,"11,12",0.157,372
"0,1,2,5,6",2,nan,0.708,373
"1,4,5,6,13,14",24,"4,13,14",0.419,373
"1,5,6,10",18,10,0.409,373
"2,5,6,10",10,10,0.144,373
"0,5,6,10",8,10,0.569,373
"0,2,11,12",24,nan,0.261,373
"1,4,5",1,nan,0.669,373
"0,5,6,8",9,8,0.466,373
"0,1,2,4,5,6",24,nan,0.647,373
"0,5,6,8",21,8,0.347,374
"4,5,6,10",1,"4,6,10",0.205,374
"0,11,12",8,"11,12",0.557,374
"0,2,11,12",10,nan,0.34,374
"1,2,4,10",14,10,0.766,374
"0,2,5,6",11,nan,0.505,374
"0,4",21,nan,0.253,374
"1,5,6,10",13,10,0.146,374
"1,4,5,6,13,14",11,"4,13,14",0.282,375
"0,2,5,6,10",21,10,0.007,375
"0,2,11,12",1,nan,0.773,376
"4,5,6,10",17,"4,6,10",0.215,376
"1,4,5,6,13,14",2,"4,13,14",0.503,379
"0,11,12",2,"11,12",0.383,379
"1,2,4,10",6,10,0.716,385
"4,5,6,7,8,9,10",13,10,0.658,385
"1,5,6,10",7,10,0.141,385
"1,5,6,10",9,10,0.073,385
"0,5,6,8",18,8,0.159,385
"0,5,6,10",20,10,0.507,386
"4,5,6,10",16,"4,6,10",0.336,386
"0,4",16,nan,0.765,386
"1,4,5",14,nan,0.178,386
"0,2,11,12",21,nan,0.124,386
"4,5,6,7,8,9,10",15,10,0.264,386
"2,5,6,10",13,10,0.036,386
"4,5,6,7,8,9,10",20,10,0.53,387
"0,2,11,12",22,nan,0.453,387
"1,4,5",11,nan,0.728,387
"4,5,6,10",4,"4,6,10",0.126,387
"0,10,11,12,14",1,"10,11,12,14",0.25,387
"0,1,2,5,6",23,nan,0.654,387
"0,1,2,5,6",21,nan,0.25,388
"1,4,5",17,nan,0.096,388
"4,5,6,7,8,9,10",17,10,0.422,388
"4,5,6,7,8,9,10",6,10,0.409,388
"0,2,5,6,10",5,10,0.224,388
"1,5,6,10",23,10,0.5,388
"4,5,6,7,8,9,10",11,10,0.139,388
"0,1,2,4,5,6",20,nan,0.552,389
"0,2,5,6,10",8,10,0.156,389
"0,1,2,4,5,6",2,nan,0.382,389
"0,1,2,4,5,6",19,nan,0.723,389
"1,2,4,10",20,10,0.231,389
"1,2,4,10",14,10,0.437,389
"4,5,6,10",18,"4,6,10",0.576,389
"0,5,6,10",7,10,0.11,389
"0,5,6,8",16,8,0.213,389
"1,5,6,10",11,10,0.475,389
"0,2,5,6",14,nan,0.682,389
"0,4",22,nan,0.008,389
"0,11,12",1,"11,12",0.277,389
"0,5,6,10",11,10,0.263,389
"0,1,2,5,6",25,nan,0.511,389
"4,5,6,7,8,9,10",12,10,0.712,389
"0,11,12",21,"11,12",0.245,389
"0,5,6,10",22,10,0.25,389
"0,4",1,nan,0.282,389
"0,5,6,10",12,10,0.551,390
"4,5,6,7,8,9,10",2,10,0.7,390
"2,5,6,10",3,10,0.696,390
"0,10,11,12,14",6,"10,11,12,14",0.358,390
"0,11,12",9,"11,12",0.199,390
"0,4",8,nan,0.584,390
"1,2,4,10",14,10,0.085,390
"2,5,6,10",15,10,0.694,390
"0,10,11,12,14",2,"10,11,12,14",0.776,390
"1,2,4,10",10,10,0.72,391
"0,2,5,6,10",6,10,0.569,391
"1,4,5",3,nan,0.497,391
"1,5,6,10",14,10,0.071,391
"0,2,5,6,10",22,10,0.668,391
"0,11,12",24,"11,12",0.623,391
"2,5,6,10",21,10,0.585,391
"0,10,11,12,14",12,"10,11,12,14",0.375,391
"0,2,5,6,10",15,10,0.1,391
"1,5,6,10",7,10,0.688,391
"0,10,11,12,14",7,"10,11,12,14",0.223,392
"0,2,11,12",24,nan,0.093,392
"0,5,6,8",1,8,0.029,392
"0,11,12",3,"11,12",0.707,392
"0,1,2,5,6",20,nan,0.239,392
"0,4",22,nan,0.527,392
"4,5,6,7,8,9,10",5,10,0.367,392
"2,5,6,10",6,10,0.558,392
"0,5,6,10",17,10,0.092,392
"1,2,4,10",1,10,0.592,392
"1,5,6,10",2,10,0.743,392
"2,5,6,10",10,10,0.406,392
"1,2,4,10",21,10,0.272,393
"1,5,6,10",19,10,0.711,393
"4,5,6,7,8,9,10",25,10,0.043,393
"1,2,4,10",6,10,0.154,393
"2,5,6,10",14,10,0.756,393
"4,5,6,7,8,9,10",3,10,0.766,393
"0,2,5,6,10",12,10,0.579,393
"0,10,11,12,14",19,"10,11,12,14",0.381,393
"1,4,5,6,13,14",9,"4,13,14",0.079,394
"0,2,5,6,10",8,10,0.579,394
"0,11,12",22,"11,12",0.577,394
"0,10,11,12,14",4,"10,11,12,14",0.478,394
"0,2,5,6,10",25,10,0.261,394
"1,4,5",4,nan,0.03,395
"4,5,6,7,8,9,10",3,10,0.119,395
"1,5,6,10",8,10,0.32,395
"0,1,2,5,6",17,nan,0.615,396
"4,5,6,7,8,9,10",14,10,0.314,396
"2,5,6,10",14,10,0.266,396
"0,2,5,6",20,nan,0.438,396
"2,5,6,10",21,10,0.692,397
"0,2,5,6,10",10,10,0.493,398
"0,11,12",1,"11,12",0.769,398
"0,1,2,5,6",21,nan,0.54,399
"2,5,6,10",4,10,0.139,401
