"14,15",7,"15,14",0.081,2
"4,5,6",15,"6,4",0.054,3
"15,14",10,,0.1,3
"45,44",3,45,0.197,3
"35,34",6,"34,35",0.043,4
"3,5,6,4",12,"5,3",0.065,4
"5,4,6",13,,0.047,5
"14,15",14,"15,14",0.104,5
"23,24",8,,0.156,5
"24,25,23,26",15,,0.066,5
"25,24",4,"24,25",0.095,5
"5,3,4",16,"3,5",0.065,6
"44,45,43",10,,0.126,6
"5,4,6",346,"4,5",0.021,6
"13,15,14",6,"14,13",0.158,6
"45,44,43",20,,0.176,6
44,14,44,0.058,6
"15,16,14",317,"15,16",0.021,7
"34,35",9,,0.15,7
"4,5",8,"5,4",0.063,7
"5,4",7,"5,4",0.012,7
"45,44,46",20,45,0.012,7
"14,15",10,"14,15",0.044,7
"25,24,26",10,,0.186,7
"34,35,33",13,"34,33",0.097,7
"44,45",11,45,0.195,7
"44,45,43",17,43,0.017,7
"35,34,36",14,"34,35",0.071,7
"44,45,43",6,"44,45",0.139,7
"25,24,23",1,"23,24",0.047,7
"15,14",15,14,0.141,7
"34,35",5,,0.086,7
"44,46,45",9,"46,45",0.086,8
"24,25",11,25,0.048,8
"35,34",6,"35,34",0.174,8
"35,33,34,36",18,33,0.098,8
"44,45",1,"45,44",0.196,8
45,7,45,0.186,8
6,7,6,0.034,8
"45,44",19,,0.196,8
35,14,,0.045,8
"45,44,46,43",8,,0.09,8
"15,14",7,,0.07,8
"34,35",13,35,0.18,8
"34,35",16,35,0.139,8
24,18,,0.138,8
"25,24,26",9,"25,24",0.119,8
"14,15",17,,0.009,8
"24,25",9,,0.167,8
"5,3,4",13,3,0.162,8
"4,5,3",2,,0.183,8
24,13,24,0.009,8
"24,25,26",8,24,0.062,9
"14,15",8,"14,15",0.013,9
"25,24,26",13,,0.076,9
"45,44,47,43",18,44,0.138,9
"15,14",19,"15,14",0.14,9
"14,13,15,16",8,,0.193,9
"34,35",19,35,0.071,9
"35,34",3,34,0.116,9
"4,5,6",2,,0.031,9
45,7,,0.168,9
"44,46",1,,0.103,10
"24,25,26",4,"26,24",0.007,10
"24,25,26",359,"24,26",0.018,10
"35,34",5,34,0.115,10
"45,44",14,,0.008,10
44,2,,0.047,10
"45,44,43",11,44,0.07,10
"25,24,23",12,,0.002,10
"45,44,43",9,"45,43",0.151,10
"36,33,34",5,"34,36",0.184,10
"25,24",6,24,0.044,10
"25,23",2,,0.168,10
"5,4",5,"4,5",0.0,11
46,3,46,0.155,11
"35,34,36",18,36,0.137,11
"45,44",16,"45,44",0.184,11
"25,24",11,,0.17,11
"24,25,26,27",18,"27,24",0.122,11
"44,45",20,,0.064,11
"24,23,25",11,"24,25",0.178,11
"45,44,43",12,"44,43",0.069,11
14,6,14,0.184,11
"5,4",5,"4,5",0.119,11
"15,14,16",16,14,0.016,11
25,12,25,0.076,11
"36,35,34",20,36,0.171,12
"33,34,35",319,"34,33",0.018,12
"33,34,35",11,"33,34",0.036,12
"4,5,6,3",4,,0.07,12
"15,14",8,15,0.071,12
34,3,34,0.176,12
"4,5,3",5,,0.072,12
"15,14",20,14,0.023,12
44,3,,0.144,12
"25,24",17,25,0.191,12
"45,44,46",7,46,0.158,12
45,9,45,0.195,12
"25,24,26",7,"26,24",0.103,12
"4,5",11,5,0.054,12
"34,35,36",20,,0.182,12
"15,13",2,,0.172,13
36,6,,0.096,13
"35,34",13,,0.058,13
25,1,,0.05,13
"15,14,13",14,,0.033,13
"45,44,46",14,45,0.17,14
26,18,26,0.044,14
"24,26,25",356,,0.168,14
"45,44,43",13,,0.083,14
"5,4,3",18,"3,5",0.014,14
"24,25",11,"25,24",0.004,14
"4,5",12,"5,4",0.026,14
"45,44,46",14,"45,46",0.008,15
"13,14,16,15",304,,0.087,15
"35,34",12,34,0.042,16
"45,44",12,45,0.103,16
"4,5",16,"5,4",0.02,16
"15,14",2,"14,15",0.118,17
5,16,5,0.0,25
"45,44,43",19,44,0.177,25
"15,14",7,,0.048,25
"34,35",10,35,0.166,25
"14,13,15,16",8,15,0.162,25
"14,15,13",5,,0.045,25
25,9,25,0.066,26
44,13,,0.186,26
"5,4",5,"4,5",0.173,26
"26,24,25",18,25,0.147,26
5,10,,0.174,26
"35,34",8,,0.046,26
"24,25,22",13,"25,22",0.043,26
"25,24,23",1,,0.078,26
"24,25",10,,0.022,26
"15,14,13",12,"15,14",0.017,26
"15,14",12,15,0.133,26
"14,15,13",4,,0.068,26
"25,24",4,25,0.07,27
"5,3,4",12,,0.054,27
"15,14,13",17,14,0.187,27
"35,34",5,,0.148,27
45,12,45,0.086,27
"24,25",1,,0.131,27
"14,15,16",3,15,0.008,27
"5,4,6,7",9,,0.154,27
"14,15",1,"15,14",0.051,27
"44,45,46",2,,0.004,27
"36,35,34",3,"34,35",0.052,27
"15,14",17,"15,14",0.113,27
"44,45",19,"44,45",0.173,27
"35,34,36",11,35,0.135,27
"5,4,3",6,"3,4",0.177,27
"24,26,25,23",19,,0.085,28
14,13,14,0.083,28
"4,5,6",13,"4,6",0.086,28
"44,45",8,"45,44",0.143,28
35,19,35,0.068,28
"25,24,26,23",14,,0.181,28
"15,14,13",1,,0.024,28
"45,43,44",17,43,0.1,28
"44,45,46",3,45,0.109,28
34,11,,0.05,28
"4,5,3",19,5,0.09,28
"44,45",9,,0.075,29
"24,25",14,,0.028,29
"23,25,24",6,25,0.095,29
"5,6,7,4",9,,0.182,29
"25,24",11,25,0.044,29
"4,5",6,,0.187,29
"6,4,3,5",20,"5,4",0.062,29
"5,4",19,"4,5",0.125,29
24,4,,0.065,29
"5,4,3",13,,0.013,29
"44,45",11,,0.193,29
36,16,36,0.034,29
"24,25,26",6,,0.161,29
"4,5",10,4,0.141,29
"15,14",9,14,0.191,29
"44,45,46",13,"46,45",0.19,29
"4,5",3,4,0.076,29
35,17,,0.137,30
"5,4",3,,0.154,30
"24,26,25",6,26,0.181,30
"36,35,34",10,,0.053,30
5,14,5,0.104,30
"4,5",8,"4,5",0.112,30
"45,44,46",1,44,0.017,30
"4,5,6",5,,0.13,31
"24,25",16,24,0.153,31
34,4,34,0.087,31
"5,4",11,5,0.057,31
"4,5",20,5,0.135,31
45,9,45,0.013,31
"24,25",13,24,0.11,31
"45,44",10,44,0.155,31
"3,4,5",10,"3,5",0.145,31
"14,15",1,,0.007,31
"34,35,36",12,"36,35",0.025,31
"14,13,15,16",10,"15,13",0.167,31
"25,24",18,,0.145,31
"44,45,43",16,"44,45",0.193,31
"4,5",13,,0.035,32
"34,35,36",2,35,0.197,32
"25,24",4,25,0.01,32
"5,3,4",17,"3,5",0.156,32
"25,24,27",13,24,0.104,32
"4,5,6",19,,0.13,32
"15,16,14,13",19,"14,15",0.188,32
"14,15,12,13",9,,0.174,33
"4,5,3",12,,0.184,33
"6,5,4,3",19,5,0.126,33
"4,5",10,,0.075,33
"4,5,3",17,"4,3",0.012,33
"44,45,46",2,45,0.087,33
"45,44,46",11,45,0.014,33
"24,25,23",15,"24,25",0.16,33
"25,24,26",17,"26,25",0.095,33
"24,23,25",19,,0.193,33
"43,45,44",7,45,0.054,33
"45,46,44",17,46,0.12,33
"45,44",15,"44,45",0.039,33
"13,15,14",4,,0.009,33
"45,44,46",9,45,0.019,33
"5,4",17,5,0.094,33
"14,15",9,,0.064,34
"14,13,15",13,15,0.063,34
"45,44",8,"44,45",0.2,35
"44,45,43",17,43,0.117,35
"14,13,15",1,"13,15",0.039,35
"15,13,14",10,14,0.041,35
"25,24,26",10,26,0.11,36
"15,14",1,14,0.119,36
"25,24",15,25,0.184,36
"4,5",3,,0.153,37
"15,14",17,"15,14",0.137,37
"3,4,5",6,"5,3",0.095,37
"24,25",13,"24,25",0.116,37
"17,14",20,"17,14",0.104,38
15,8,15,0.001,39
"24,25,26,23",15,23,0.12,43
"44,45",5,45,0.103,43
"25,24",6,"25,24",0.046,44
"45,43,44",19,44,0.185,45
"34,35",3,"34,35",0.022,45
"45,44",20,,0.16,46
"25,24",17,"25,24",0.189,46
"45,44",19,"45,44",0.043,46
"34,35",14,"35,34",0.023,46
"35,34,36",3,,0.164,46
"4,5",2,,0.092,46
"25,23",17,"23,25",0.032,47
"24,25",13,24,0.152,47
"45,46",20,"46,45",0.114,47
"15,14",15,,0.19,47
"4,5,6",5,"4,5",0.0,47
"4,3,5",9,4,0.184,47
"44,45",14,"44,45",0.101,47
"5,4",5,,0.075,47
"15,14,13",10,"13,15",0.058,47
"4,5,3,6",18,3,0.05,47
"45,43,44,46",19,45,0.016,47
"14,15",2,"15,14",0.152,47
"35,34,36",15,35,0.171,48
"45,44",8,44,0.172,48
"5,4,6",19,"4,6",0.1,48
"44,45,46",9,46,0.123,48
"14,13",16,14,0.042,48
44,14,44,0.097,48
"14,15,13",5,,0.046,48
"24,23,25",14,23,0.047,48
"4,3,5",10,3,0.101,48
"4,6,5",20,"6,4",0.187,49
"45,44",7,,0.141,49
"45,43,44,46",6,,0.09,49
"34,33,35",9,"34,33",0.099,49
"6,5,3,4",4,6,0.169,49
"14,15",16,"14,15",0.111,49
"5,7,4,6",16,,0.172,49
"44,45,46",11,44,0.022,49
"34,35",13,"35,34",0.159,49
"25,24,23",2,,0.184,49
"34,35,33",16,34,0.017,49
"45,46,44,43",18,46,0.019,49
"5,4,6",16,"6,5",0.162,49
"15,14,16",11,,0.103,49
"25,24",11,25,0.03,50
"13,14,15",14,14,0.196,50
"14,15",3,14,0.061,50
"14,15",6,"14,15",0.187,50
"24,26,25",19,25,0.009,50
"25,24,26",8,"24,25",0.008,50
"25,26,24",14,25,0.089,50
"15,14",16,"14,15",0.081,50
"24,23,26,25",9,"26,24",0.102,50
"35,34,33,36",4,,0.113,50
"44,45,43,46",16,46,0.057,50
"34,35,36,33",15,,0.185,50
"24,25",2,"25,24",0.103,50
"14,15",8,"14,15",0.196,50
"4,5",1,,0.145,50
"14,15",15,,0.061,50
"15,14",4,15,0.122,50
"5",19,5,0.019,50
"15,14,16",10,"14,15",0.189,50
"13,15",14,"15,13",0.052,50
"14,15",5,"15,14",0.006,50
"15,14",13,"15,14",0.142,50
"44",13,44,0.097,50
"34,35",1,,0.033,51
"25,24",19,"24,25",0.051,51
"44,46,45",16,"46,45",0.05,51
"25,24,23",9,24,0.059,51
"24,25,23,26",6,,0.122,51
"6,5,4,3",2,,0.142,51
"25,24,26",3,"24,25",0.128,51
"6,5,4",6,,0.021,51
"15,14",5,,0.065,51
25,14,25,0.197,51
24,1,24,0.09,51
"34,35,33,36",17,34,0.115,51
"4,5",2,,0.175,51
"45,44",4,"45,44",0.055,51
45,3,45,0.159,52
"5,4,6,3",5,3,0.168,52
"14,15",18,,0.136,52
"5,4,6",9,"6,4",0.051,52
"15,14,17,13",14,14,0.175,52
"34,35",20,"35,34",0.186,52
"35,36",19,35,0.145,52
"45,44",18,44,0.014,52
"23,25,24",6,24,0.088,52
"15,14,16",7,,0.001,52
"25,24",11,24,0.189,53
"5,4,3",11,"4,3",0.179,53
"4,5,6",1,"4,5",0.052,53
"14,15",6,,0.055,53
"44,45",9,44,0.006,53
25,15,25,0.008,53
"34,35,36",7,,0.137,53
"14,15,13",6,15,0.172,53
"34,35",19,"34,35",0.142,53
"14,16,15",2,"16,14",0.149,53
"34,35",20,,0.152,53
"44,45",12,,0.081,53
25,8,25,0.045,54
"45,44",9,,0.153,54
"14,15,13",19,"14,15",0.196,54
"24,25",15,"24,25",0.105,54
"15,16,14",15,"15,16",0.002,54
"45,44,46",6,44,0.039,55
"45,46,44",4,"45,46",0.083,55
"47,45,43,44",10,,0.122,55
45,8,,0.137,56
"34,35,33",16,34,0.164,57
"25,24",15,24,0.115,58
"15,13,14",3,14,0.039,59
34,6,,0.102,59
"14,15",4,"14,15",0.079,60
5,19,,0.142,62
"24,25,23",12,,0.104,64
"34,35",11,35,0.064,65
"4,5,6",16,,0.142,65
"4,5",6,5,0.149,66
"15,14",18,,0.199,66
"15,14",10,,0.057,66
"34,35",4,,0.119,66
"34,35,36,33",6,36,0.022,66
"34,35,37",5,34,0.149,66
"4,5,6",12,4,0.015,67
"4,5,6",19,,0.04,67
"34,35",13,"34,35",0.021,67
"14,15",3,,0.143,67
35,11,35,0.042,67
"5,4",20,4,0.08,67
"5,4",12,,0.05,67
"25,24",9,"24,25",0.078,67
24,5,,0.025,67
"15,14",18,15,0.039,67
"24,25,23",3,,0.087,67
"25,24",3,,0.097,67
"25,24",18,,0.182,67
"25,24,26",8,,0.012,67
"23,25,24,26",20,24,0.109,68
"25,24",10,,0.134,68
"25,23",3,,0.045,68
"5,4,7",17,,0.049,68
"22,24,25",20,24,0.081,68
"34,33,35",12,34,0.119,68
"34,36,35,33",15,36,0.142,68
"44,46,45,43",9,,0.107,68
"24,25",6,"24,25",0.141,68
"44,45,43",17,"44,45",0.019,68
"45,44,46",19,,0.052,68
"5,3,4",9,5,0.179,68
"15,14",17,15,0.111,68
"34,35,36",1,36,0.032,68
"15,14,13",7,"13,14",0.001,69
"33,35,34",18,,0.075,69
25,2,25,0.003,69
"24,25",13,,0.123,69
"5,4,6",5,5,0.042,69
"25,23,26,24",4,,0.097,69
"5,4,3",15,"3,5",0.004,69
"24,25,26",2,25,0.196,69
"35,36,34",4,"36,35",0.066,69
"24,25",3,24,0.094,69
"24,25,26",10,25,0.051,69
"25,24",15,,0.148,69
"34,35,36",18,35,0.032,70
"15,14",6,14,0.091,70
"5,4,6",12,4,0.028,70
"25,24",13,24,0.076,70
"15,14,16",13,14,0.157,70
"43,44,45",19,,0.04,70
"34,35",16,35,0.158,70
"25,24,26,23",9,"25,24",0.105,70
"45,44",20,,0.091,70
"25,24,26",20,26,0.015,70
"15,14,13",13,,0.131,70
"45,44",5,"44,45",0.16,70
"4,5,6",17,"5,6",0.16,70
3,15,3,0.095,70
"15,14,13",18,14,0.09,70
"24,25,23,26",5,23,0.033,70
"34,35,36",11,"34,35",0.198,70
"46,44,45",13,"46,44",0.12,71
15,14,15,0.105,71
"34,35",12,"34,35",0.042,71
"44,43,45",10,,0.192,71
"15,14,13",2,,0.154,71
"44,45,43,47",6,"47,45",0.122,71
"14,15",7,14,0.035,71
"35,34",12,34,0.118,71
"3,4,5",8,,0.11,71
"45,44,42",4,44,0.059,71
"44,45,43,46",5,,0.143,71
"35,36,34,33",15,34,0.132,71
"25,24",13,,0.156,71
"14,15",13,"14,15",0.164,71
24,9,24,0.006,71
16,5,16,0.145,71
"34,35,33",7,,0.132,71
"24,25",14,,0.132,72
"24,25",13,,0.065,72
5,16,5,0.197,72
"35,36,34",3,34,0.121,72
"13,14,15",4,13,0.134,72
"14,15",17,15,0.172,72
"24,25",15,24,0.13,72
"4,5",8,5,0.146,72
"15,14,13",3,"15,13",0.098,72
"44,45",7,,0.019,73
"15,14,16",13,"14,16",0.012,73
"6,5,4",19,5,0.068,73
"23,26,25,24",5,,0.082,73
"5,4",18,,0.02,73
"14,15,13",18,"13,15",0.012,73
"15,14",10,"14,15",0.026,73
"14,15,16",2,,0.111,73
4,5,,0.167,73
"44,45,46,43",18,"43,45",0.124,73
34,15,,0.186,73
"34,35,36",12,"36,34",0.092,73
"14,15,16",13,15,0.003,74
"15,14,13",19,15,0.017,74
"4,5",19,"4,5",0.109,74
"43,44,45,46",11,"45,43",0.167,74
"5,4,6,2",7,4,0.085,74
"14,15",19,14,0.047,74
35,12,35,0.168,75
"14,15",5,14,0.085,75
"35,34",11,"35,34",0.055,75
"34,35",9,"34,35",0.123,76
"35,34",12,35,0.093,76
45,18,45,0.015,77
"33,35,34",13,,0.181,77
"5,3,4,6",18,4,0.073,78
"34,35,36,33",8,,0.032,79
"4,5,3",10,"5,4",0.034,84
"4,6",18,6,0.061,85
"36,35,34",2,,0.12,85
15,8,,0.1,85
"14,15",6,,0.192,85
"35,34",15,"34,35",0.042,86
"45,46,44",9,44,0.018,86
"24,25,23",1,"23,24",0.086,86
"15,14,16",14,15,0.172,86
"35,34,33",14,"33,34",0.041,86
"24,25,23",9,,0.141,86
"35,34",3,,0.176,86
"4,5",1,"5,4",0.025,86
"15,14,13",1,"14,15",0.151,86
"34,35",19,35,0.065,86
34,7,,0.183,86
"44,45,43,46",4,,0.105,87
"25,26,24",1,25,0.168,87
"44,45",2,"45,44",0.111,87
"25,24",7,"24,25",0.183,87
"45,44",9,44,0.184,87
"14,15,13",19,14,0.061,87
"2,4,5",11,,0.09,87
"45,44",16,44,0.091,87
"44,46,43,45",18,"44,45",0.14,87
"25,24,23",19,,0.104,88
"5,4",20,"5,4",0.14,88
"45,44,46",9,,0.023,88
"35,34,36",9,"35,36",0.163,88
"5,4",14,5,0.161,88
"24,25",10,25,0.064,88
"5,4",20,"4,5",0.165,88
"14,15",18,,0.176,88
"33,34,35",11,,0.066,88
"45,44",20,45,0.196,88
"45,44",8,45,0.122,89
"35,34",2,"35,34",0.128,89
"5,4,3",1,"3,5",0.194,89
"45,44,43,42",11,"44,42",0.138,89
"4,3,5",13,"3,4",0.03,89
"45,44,46",9,"46,45",0.114,89
"45,44",1,"45,44",0.016,89
"16,14,15",5,"14,16",0.011,89
"16,14,15,13",13,14,0.067,89
"24,25",11,"25,24",0.135,89
25,6,,0.095,90
"24,25",14,,0.043,90
"35,34,33",20,"33,35",0.096,90
"24,25,27",2,25,0.191,90
"24,25,23",20,"24,23",0.101,90
"45,44,46",4,46,0.078,90
"14,15",6,"14,15",0.197,90
"35,34,36",2,35,0.158,90
"34,35",16,,0.007,90
"5,4",11,"5,4",0.118,90
"15,14,13",4,,0.139,90
"25,24",18,"24,25",0.006,90
"24,25",1,25,0.14,90
"45,43,44,46",11,,0.15,90
"44,45,46",17,,0.146,90
"24,25",15,"25,24",0.038,90
"44,45",12,44,0.127,90
"14,15,13,16",8,13,0.179,90
"34,35",2,35,0.186,90
"34,35,33",8,33,0.003,90
"14,13,15",6,,0.082,90
"35,34,33,36",15,"33,34",0.123,90
"5,4,3",6,5,0.106,91
"4,6,5",3,"4,6",0.055,91
"15,14,16",16,"15,14",0.157,91
"45,44",16,,0.002,91
"44,42,45",17,,0.062,91
"25,24",16,"24,25",0.125,91
"35,34",6,34,0.112,91
"15,14,16",19,"15,16",0.076,91
"34,35",7,"35,34",0.04,92
"25,24,26",13,26,0.103,92
"25,24,23",2,"25,23",0.069,92
"24,25,26",17,,0.18,92
"25,24,23",12,,0.12,92
"4,5,3",15,"3,4",0.163,92
"24,25,23,26",6,"26,25",0.037,92
"36,34,35",20,35,0.156,92
15,19,,0.14,93
"45,44,43",9,44,0.184,93
"44,45,43",18,,0.032,93
"34,35",7,35,0.158,93
"45,44",2,"45,44",0.147,93
"35,34",10,34,0.164,93
"34,35",17,34,0.11,93
"25,24,26",6,25,0.05,93
25,18,25,0.169,93
"34,35",19,34,0.063,93
"34,35,33",14,,0.074,93
"4,5",5,5,0.109,93
"15,14,17",18,15,0.002,93
"24,25,26",1,"26,25",0.024,93
"15,14",18,15,0.0,93
"5,4",19,"4,5",0.103,93
"5,4,2",20,"5,2",0.035,94
"44,45,46",13,"46,45",0.016,94
"5,4,6,3",16,,0.173,94
4,6,4,0.128,94
"44,45,43",5,"43,45",0.121,94
34,6,34,0.147,94
"6,4",7,"4,6",0.0,94
"34,35",3,"34,35",0.137,94
44,10,44,0.164,94
"6,4,5",5,"4,6",0.072,95
"25,24,26",2,,0.184,95
"4,5",13,"5,4",0.136,95
"5,4",15,"5,4",0.132,95
"5,4",16,5,0.113,95
"34,35,36",16,,0.01,95
"45,44",3,"44,45",0.018,96
"45,44",16,,0.022,96
"5,4",7,,0.052,96
15,5,15,0.017,96
"15,14",11,,0.026,97
"15,14",3,14,0.096,97
"25,24",14,"25,24",0.087,103
"25,23",9,23,0.116,104
"15,14,13",13,13,0.082,104
"35,36,34",19,34,0.124,104
"45,44",16,"44,45",0.076,105
"35,36,34",18,"35,36",0.151,106
"35,34,33,36",2,"35,33",0.195,106
"46,44,45,43",11,"43,44",0.064,106
"5,4",3,5,0.061,107
"26,24,25",12,24,0.18,107
"34,35,32",18,,0.127,107
"26,24",10,24,0.173,107
"34,33,35",6,33,0.096,107
"44,46",14,,0.154,107
"44,45,43",3,45,0.152,107
"45,44,43",8,"44,45",0.087,108
"24,25,26,23",2,"26,23",0.151,108
"44,43,45",14,43,0.063,108
"46,44,45",5,,0.016,108
"4,5",6,4,0.146,108
"44,45",5,,0.114,108
"44,45,43,46",14,44,0.002,108
"14,15",10,,0.027,108
35,12,35,0.116,108
"24,25",13,"24,25",0.011,108
"5,4,3",1,,0.006,108
"4,5",3,5,0.065,108
"15,13",4,13,0.026,108
"25,23,24",10,,0.06,108
"4,5",4,5,0.167,108
"24,22,25",19,"22,25",0.015,108
"14,13,15,16",11,13,0.15,108
"26,25,24",13,"24,25",0.069,108
"44,46,45",16,"46,44",0.053,109
45,15,45,0.18,109
"13,14,15,16",17,,0.064,109
"24,25",18,24,0.083,109
"14,15",12,14,0.148,109
"25,24,23,26",20,"24,26",0.154,109
"14,15,16",10,16,0.13,109
"15,13,14",8,15,0.052,109
"4,5",17,"4,5",0.163,109
"24,23",20,,0.14,109
"44,45,43,46",17,,0.086,109
"4,5",12,4,0.089,109
"45,44,46",17,"46,44",0.19,109
"24,25,26",8,"24,25",0.17,109
"24,25",17,"24,25",0.091,109
"34,33",6,"34,33",0.102,109
6,6,6,0.15,109
"3,5,4",17,,0.059,109
"14,15,13",2,13,0.077,109
"35,34",15,"35,34",0.154,109
"45,44",4,45,0.015,109
"14,15",4,15,0.078,109
45,16,,0.0,109
"44,45,46",2,45,0.05,109
"4,5,3",11,"4,5",0.182,110
"5,6,4",14,5,0.04,110
34,8,,0.046,110
"15,14,16",18,"16,14",0.088,110
"5,4",6,,0.022,110
"45,44,43",13,43,0.172,110
"25,24,23,26",8,,0.05,110
"4,5",20,5,0.123,110
"44,45",5,45,0.101,110
"33,35",12,"35,33",0.103,110
"46,44,45",17,,0.04,110
"35,34,36",8,34,0.146,111
"4,3,5",9,,0.15,111
"35,34,36",16,35,0.051,111
"34,35,33",5,"35,34",0.174,111
"45,44",17,44,0.065,111
"34,35",13,"35,34",0.097,111
"35,34,33,36",13,33,0.029,111
"14,15",13,14,0.183,111
"4,5,6,3",20,"3,6",0.088,111
"16,15,14",9,"15,14",0.192,111
"34,35",8,35,0.116,111
"24,25",8,"24,25",0.058,111
"45,46,44",20,"44,45",0.016,111
"45,44",18,,0.073,111
"34,33",13,,0.039,112
"25,24,26,23",14,"25,24",0.143,112
44,3,,0.087,112
"15,14",14,"14,15",0.06,112
"24,25,23",7,"23,25",0.172,112
"44,45,43",8,"44,43",0.052,112
"34,33,36,35",11,,0.047,112
"34,35",8,"34,35",0.07,112
"45,44,46",19,,0.168,112
"25,24",2,24,0.062,112
"45,44",11,44,0.105,112
"13,15,14",8,13,0.179,112
"35,34,33",1,"34,33",0.171,112
"35,34,33",2,35,0.18,112
"44,45",1,45,0.138,113
"5,4",3,"4,5",0.171,113
"45,44,43",18,44,0.118,113
"24,25",15,"24,25",0.198,113
"14,13,15",6,,0.085,113
"4,5",7,"5,4",0.092,113
"45,44,47",17,44,0.105,114
"35,34,36",8,,0.012,114
"34,35",15,,0.001,114
"34,35,36,33",16,,0.015,114
"14,15,13",1,15,0.162,114
"33,35,34",6,"33,34",0.183,114
"15,16,14",2,"14,15",0.055,114
"34,35",13,,0.124,115
"35,34,36",20,34,0.149,115
"45,44,43",11,43,0.025,115
"44,45",15,44,0.132,115
"4,5,3",14,5,0.16,115
"45,44,43",18,"43,44",0.1,115
"25,24",14,"24,25",0.007,115
"24,25",9,"25,24",0.132,116
"33,35,34",13,,0.153,117
"43,45",18,"43,45",0.039,118
"24,25",15,"24,25",0.088,119
"34,35",7,"35,34",0.166,121
"15,14,16",14,16,0.008,123
44,4,44,0.098,123
"35,34,33",6,35,0.138,124
"34,35",17,34,0.159,124
"24,25",9,,0.149,124
"26,25,24",11,,0.091,125
25,6,25,0.007,125
"25,24",19,"25,24",0.061,125
"34,35,36",11,,0.059,125
"24,25",17,25,0.087,125
"24,25",1,,0.105,125
"45,44",9,,0.145,125
"25,24,23",2,,0.125,126
"34,35,33",7,"34,33",0.187,126
"14,15,16,13",6,15,0.018,126
"14,15,16",10,,0.087,126
"5,4,6",4,"6,4",0.081,126
"16,15,14",13,,0.191,126
"5,4",19,,0.057,126
"14,15",19,,0.127,126
"35,36,33,34",7,,0.124,127
"25,24,23",16,"25,23",0.162,127
"34,36,38,35",16,38,0.051,127
"34,35,36",19,,0.142,127
"15,14",5,14,0.148,127
"14,15",17,,0.042,127
"14,15",19,,0.12,127
"24,25,26",9,26,0.07,128
24,17,24,0.064,128
"25,24",13,"25,24",0.155,128
"34,35",20,,0.112,128
"34,35,33",4,"33,34",0.07,128
44,20,44,0.194,128
"44,45",8,45,0.037,128
"15,16,14",6,,0.137,129
"5,4",3,"5,4",0.056,129
"35,34,36",18,,0.118,129
"35,34,36",19,,0.178,129
"45,44",14,44,0.157,129
"34,35",18,,0.11,129
"35,34,33",14,,0.103,129
"15,14,12",10,,0.131,129
"45,44",12,44,0.161,129
"35,34",18,35,0.067,129
"14,15,13",10,,0.187,129
"13,14,15",9,13,0.026,129
"16,15,14,13",8,14,0.032,129
"15,14,13",12,15,0.094,129
"4,5,3",20,"3,4",0.098,129
"15,13,14",12,,0.167,129
"14,13,15,16",5,16,0.107,129
"5,4,6",10,5,0.032,129
"34,35",3,35,0.04,129
"24,25,26,23",15,"24,23",0.083,129
"44,45,46",19,46,0.028,130
"5,4",18,"5,4",0.104,130
"35,33,34,36",10,"35,34",0.031,130
"45,44",1,"44,45",0.052,130
"45,43,44,46",6,46,0.2,130
"34,35",17,34,0.175,130
"15,14",14,15,0.071,130
"5,4",10,4,0.14,130
"24,25",20,25,0.062,130
"15,14,16",10,,0.114,130
"24,25",1,"25,24",0.018,130
"45,46,44",1,45,0.118,130
"4,5,6",15,,0.19,130
"33,34,35",1,"33,34",0.069,130
"4,3,5",9,,0.13,130
"44,45",19,45,0.075,130
"24,25",20,24,0.129,130
"5,3,4,6",17,,0.187,130
"24,25",14,,0.178,130
"24,25",5,"24,25",0.149,130
"5,4,3",6,"5,3",0.023,131
"35,36,34",10,,0.195,131
"14,15,13",6,,0.002,131
"34,35",14,"35,34",0.143,131
"36,34,35",19,"36,35",0.113,131
"34,35",5,,0.068,131
"14,15",10,14,0.052,131
"15,14",8,,0.07,131
"25,24",3,"25,24",0.198,131
"34,35",16,35,0.076,131
"44,45,46",10,,0.198,131
"35,34",19,"34,35",0.056,131
"24,26,25",19,24,0.162,131
"25,24",17,24,0.017,131
"24,25,26",1,26,0.01,131
"15,14",3,14,0.179,131
"24,25",14,,0.144,131
"34,36,35",10,,0.14,131
"15,14,13",3,14,0.04,132
"5,4",10,"4,5",0.187,132
"15,14",16,14,0.167,132
"35,34,33",18,33,0.012,132
14,3,,0.105,132
"44,45",18,"44,45",0.148,132
"34,35,36",11,,0.05,132
"14,16,15",5,,0.096,132
"4,5",14,4,0.08,132
"3,4,5",14,,0.112,133
"14,15,17",15,"17,15",0.191,133
"24,25",11,,0.066,133
"14,15,13,16",10,"13,16",0.171,133
"14,15,13",8,"14,15",0.152,133
"16,14,12,15",11,"12,14",0.07,133
"15,14",15,,0.16,133
"25,24,23",2,25,0.025,134
"14,15,13",13,14,0.091,134
"45,44",13,44,0.092,135
"45,43,44",10,"45,44",0.195,136
"25,24",13,,0.108,136
"15,14,13",20,,0.035,137
"45,44",13,,0.084,137
"34,35,36",10,,0.01,137
"14,15",18,14,0.088,138
"25,24,23",19,,0.153,139
"25,24",9,"24,25",0.143,141
"14,15",10,"14,15",0.062,142
"34,35",12,35,0.137,144
"35,34",11,"34,35",0.039,144
"24,25,22,26",2,,0.076,145
"4,5,3",2,,0.116,145
"25,24,23",8,24,0.013,145
"3,5",6,,0.139,145
"14,15",9,,0.131,145
"34,35",7,,0.1,146
24,16,,0.123,146
"44,46,45",15,46,0.02,146
34,1,,0.065,146
"23,25,24,26",11,,0.079,146
"24,25,26",12,26,0.078,146
"5,6,4",18,,0.137,146
"4,6,5,7",20,,0.143,146
"5,3,4",19,,0.061,146
"34,35",15,,0.122,146
"35,34",19,,0.075,147
"35,34",8,,0.128,147
44,7,44,0.037,147
"46,44",18,"46,44",0.047,147
"45,44,46",1,44,0.141,147
"45,44",16,44,0.036,147
"4,5,3,2",7,,0.116,147
"45,44",10,"45,44",0.026,147
45,13,45,0.142,147
"15,16,14,11,12",12,"16,15",0.159,147
"25,24",3,24,0.133,147
"15,14,13",3,"13,14",0.126,148
"35,37,34,36",3,"37,36",0.066,148
"44,45,43,46",15,44,0.02,148
"44,45,43",7,"45,43",0.029,148
14,11,14,0.112,148
"24,25,23",6,,0.07,148
"34,35,32,36",3,"36,35",0.12,148
"25,26,24",15,"25,26",0.13,148
24,3,,0.197,148
"35,34",9,34,0.097,148
45,10,45,0.004,148
"44,45,46",15,,0.012,148
"14,15",13,"15,14",0.112,148
"35,34",15,34,0.002,149
"7,4",5,"7,4",0.155,149
"34,35",11,35,0.19,149
"35,34",16,"34,35",0.134,149
"44,45",4,,0.023,149
"5,4",5,,0.152,149
"4,5",9,"4,5",0.199,149
"14,15,13",11,,0.107,149
14,14,14,0.111,149
"14,15",8,15,0.084,149
"15,14",2,,0.186,149
"5,4",15,"4,5",0.193,149
"4,5",12,"5,4",0.102,149
35,11,35,0.005,149
"34,36,35",3,"34,36",0.011,149
"4,5",5,5,0.024,149
45,5,45,0.193,149
"35,34,33",2,,0.031,149
"4,6,5",5,,0.049,149
"46,44,45",14,"45,44",0.067,149
"44,45",9,"45,44",0.034,149
"34,35",1,,0.101,149
"24,25",17,24,0.001,149
3,11,3,0.15,150
"4,5,3",18,,0.142,150
"4,6,5",2,5,0.037,150
"4,5",12,,0.177,150
"45,44,46",5,,0.187,150
"4,5",5,,0.059,150
"24,25",12,,0.13,150
"35,34",1,35,0.06,150
"34,35",7,"34,35",0.114,150
"44,45,43",1,45,0.181,150
"25,26,24",4,,0.068,150
"45,43,44",13,"45,43",0.19,150
"35,34,32",17,,0.083,150
"24,25",8,"24,25",0.15,150
"35,34",15,,0.041,151
"34,35",1,35,0.083,151
"34,32,35",13,,0.02,151
"25,24,26",4,26,0.178,151
"34,35,33",15,"35,34",0.003,151
"44,46,45",1,"44,46",0.165,151
"24,25,23",20,24,0.063,151
"25,24",17,24,0.149,151
"24,25",2,24,0.135,151
"24,25",9,"24,25",0.08,151
"25,24,26",6,"26,25",0.168,152
"4,5",9,"5,4",0.005,152
"34,35,33",16,33,0.135,152
"15,14",7,"14,15",0.155,152
"45,44",20,44,0.141,152
"44,46",10,"46,44",0.107,152
"14,15",8,"15,14",0.074,152
"25,24,23",7,"25,23",0.002,152
"47,45,44,46",9,,0.184,152
5,17,5,0.152,152
34,19,,0.008,152
"6,4,5",14,,0.021,152
"44,43,45,46",9,"46,44",0.179,152
"44,45,46",12,46,0.003,152
"4,5",19,"4,5",0.038,153
"44,45",10,"45,44",0.064,153
35,15,,0.146,153
"45,44,43",5,"43,44",0.187,153
"5,4",2,"5,4",0.081,153
"16,14,15",17,"16,15",0.075,153
"34,36",13,,0.067,153
"13,15,16,14",4,,0.059,154
"25,24",20,,0.01,154
"34,35",16,34,0.046,154
14,17,,0.108,154
"25,24,23",6,24,0.141,154
"24,25,26",2,,0.073,155
"34,35,33",20,,0.144,156
"36,35,34,32",20,35,0.06,156
"27,24,25",14,,0.031,157
24,20,24,0.001,158
"44,45,46",11,45,0.171,163
"5,4",10,4,0.039,164
"15,14",1,"15,14",0.061,164
"36,34,35,33",1,,0.15,164
"45,43,44",20,,0.158,165
"25,24",4,"24,25",0.177,165
"4,5",2,"4,5",0.18,165
"5,4,6",14,,0.037,165
"5,4",20,,0.119,166
"15,13,14",20,,0.132,166
"45,44",17,,0.164,166
"45,44,43",17,,0.111,166
"6,5,4",10,"4,6",0.107,166
"34,36,35",1,"36,35",0.006,166
"45,44",2,"44,45",0.006,166
"34,36,33,35",18,,0.011,166
"25,24",5,24,0.046,167
"15,14,17",2,"17,15",0.148,167
"14,15,13",17,"14,13",0.04,167
"4,5",20,4,0.135,167
"45,44",12,,0.05,167
"45,44",1,44,0.115,167
35,6,35,0.148,167
"45,41,44",18,44,0.161,167
"25,24",20,,0.114,167
"44,46,45",11,,0.063,167
"24,23,25,26",3,"24,26",0.121,167
"13,14,15",11,,0.03,167
5,16,5,0.113,168
"34,35,33",5,,0.166,168
15,2,15,0.115,168
"25,24",8,24,0.104,168
"34,35,32",16,"34,35",0.017,168
"15,14",4,,0.161,168
"33,34,35",6,"35,33",0.188,168
"35,34",16,,0.189,168
"24,26,25",8,24,0.059,168
"44,45,46",18,,0.176,168
"4,5",5,4,0.067,168
"25,26,24",18,"25,26",0.187,168
"15,14",7,,0.021,168
"5,4,6",10,5,0.064,168
"5,4",8,,0.158,168
14,13,14,0.054,168
"44,46,45",13,,0.029,168
"4,5,2",11,2,0.04,168
"25,24,26",16,"26,24",0.169,169
"44,45,43",9,,0.051,169
"44,45,47",19,"47,45",0.107,169
"35,34,33",2,35,0.102,169
"34,33,35",18,"33,34",0.042,169
"34,35,33",16,,0.185,169
"45,44,46",10,45,0.002,169
25,4,,0.164,169
"14,15,16",3,15,0.162,169
"25,24,23",5,24,0.097,169
"5,4,3,6",14,,0.036,169
34,2,,0.156,169
"44,46,45",1,,0.138,169
"34,35",9,"34,35",0.083,170
"14,15,16",13,"14,16",0.131,170
"5,4",16,,0.066,170
"14,15,17",16,"14,17",0.017,170
"35,34,33",2,34,0.179,170
"25,24",16,24,0.162,170
"4,5,6",12,5,0.171,170
"14,13,15",1,13,0.069,170
43,1,43,0.071,170
"25,24,26,23",16,,0.095,170
"24,25,26",6,24,0.046,170
"34,35",8,35,0.137,170
"34,35,36",12,36,0.177,171
"15,16,14",10,15,0.125,171
"5,4,3",17,"4,5",0.166,171
"3,5,4",17,5,0.183,171
"4,5",10,,0.146,171
"45,46,43",19,"46,45",0.134,171
35,18,,0.062,171
"5,4,6",15,,0.199,171
15,19,,0.013,171
"43,44,45",7,,0.066,171
34,1,,0.043,171
"5,4,3",14,,0.029,171
"4,6,5",3,6,0.037,171
"5,4,3",6,"3,4",0.133,172
"45,42,44",15,"42,44",0.153,172
"34,35,33",4,"34,33",0.121,172
"34,35,33",13,,0.166,172
"25,24,26,23",4,24,0.106,172
4,16,4,0.197,172
"45,46",8,"46,45",0.06,172
"33,35,34",15,"34,35",0.13,172
"45,44",12,,0.033,172
"44,45",10,,0.162,172
"5,7,2,4,6",15,2,0.004,172
"25,24,26",7,,0.018,172
"25,26,24",16,25,0.191,172
"6,4,5",14,5,0.074,172
"5,6,4",4,,0.173,172
"24,25",15,24,0.181,172
"15,14",2,"14,15",0.143,172
"5,4",17,"5,4",0.174,173
"44,45,43",18,,0.069,173
45,17,45,0.059,173
"35,34,32,33",8,,0.108,173
"35,33,34",13,,0.135,173
"25,24,26",2,,0.061,173
"45,44",13,,0.106,173
"35,34",14,35,0.057,173
"4,5,3,6",14,,0.076,173
"45,44,46",4,"45,46",0.189,174
"45,44",9,"44,45",0.078,174
"4,5",7,4,0.052,174
"44,45",7,,0.052,174
"45,44,43",6,"43,45",0.049,174
"15,14,16",19,"16,15",0.036,175
5,17,5,0.177,175
"14,15,13",12,,0.022,175
"16,14,15",10,16,0.092,176
"36,35,34",13,36,0.145,182
"5,4,6",11,5,0.044,182
"4,3,5,6",9,,0.085,183
"15,14",2,,0.07,184
"15,14,16",2,,0.051,184
"13,12,15,14",14,14,0.01,185
"35,34",12,"35,34",0.082,185
"13,15,14",16,15,0.15,185
"25,24",11,,0.097,185
"5,4,6",10,"6,4",0.189,186
"4,5",16,"5,4",0.185,186
"5,4,7,3",5,5,0.151,186
"34,35",20,35,0.088,186
34,9,34,0.064,186
"45,44",20,,0.132,187
"14,15,13",5,,0.108,187
"5,3,4",19,,0.04,187
"14,15",15,,0.062,187
"25,26,24,23",2,26,0.016,187
"5,4,3",15,3,0.052,187
"45,44",5,,0.04,187
"14,15",16,"14,15",0.143,187
"45,44",4,"45,44",0.108,187
"15,14,16",20,"15,16",0.046,187
"25,24",8,,0.17,187
35,7,35,0.101,187
"35,34,32,36,33",12,,0.006,187
24,19,24,0.019,187
"4,5",13,4,0.087,188
"35,34",15,,0.071,188
14,11,14,0.038,188
"4,5",2,"5,4",0.07,188
24,16,,0.173,188
"4,5",6,,0.117,188
"15,14,17,13",11,,0.02,188
"35,34",11,"35,34",0.089,188
"45,44",8,"44,45",0.109,188
16,18,,0.193,188
"44,45",1,"45,44",0.185,188
35,17,35,0.086,188
"24,25,23",13,"23,25",0.127,188
"5,6,4",20,,0.001,188
35,15,35,0.167,188
44,4,,0.081,188
"5,4",9,"5,4",0.173,188
"44,45",17,,0.064,189
"44,45,43",11,"44,45",0.177,189
"14,15",18,,0.089,189
6,5,6,0.158,189
"44,45,43,46,47",16,,0.076,189
"15,16,14",5,"16,14",0.185,189
"5,4",1,"4,5",0.127,189
"14,15,16",20,"16,14",0.192,189
"4,5,3",10,3,0.108,189
"45,44,43,46",14,"45,46",0.02,189
"44,45,43",15,"44,43",0.029,189
"3,4,5",16,5,0.108,189
"34,35",4,35,0.16,189
"45,46,44",2,,0.071,189
"44,43",10,"43,44",0.102,189
"44,45",14,"45,44",0.054,189
"23,24,25,26",14,"23,26",0.175,190
"4,6,3",2,"3,4",0.179,190
"44,45",15,,0.094,190
34,11,34,0.068,190
"14,13,15",15,15,0.009,190
"43,45,44",7,,0.171,190
"33,35,34",13,33,0.166,190
"35,34",10,35,0.008,190
"34,35,33",9,35,0.02,190
"45,43,44,46",9,,0.006,190
"14,15",8,"15,14",0.017,191
"24,26,25",17,,0.073,191
"44,45,43",5,,0.115,191
"24,23,25",9,,0.099,191
"15,14,16",19,,0.087,191
44,17,44,0.164,191
"45,44",9,"45,44",0.113,191
"25,24,26",11,,0.18,191
"35,34,36",15,,0.062,191
"5,4",10,,0.145,191
"35,34,37",5,"37,34",0.15,191
"35,33,34",5,"35,34",0.056,192
"35,34,36,33",15,33,0.192,192
"34,35",6,"34,35",0.081,192
"4,5,3",13,,0.106,192
"14,16,15",20,16,0.107,192
"35,34,36",10,,0.048,192
"14,13,15",12,,0.022,192
"45,43,44",9,"44,45",0.019,192
"35,34,33",3,33,0.125,193
"14,15",5,14,0.005,193
15,12,,0.102,193
"36,34,35",9,"36,35",0.132,193
14,15,14,0.19,193
"44,45,46,43",6,"44,43",0.129,193
"45,44",1,"44,45",0.055,193
"35,34,36",13,35,0.11,193
"24,25",18,"25,24",0.027,193
"44,46,45",18,44,0.026,193
36,2,,0.158,193
"45,44,43,46",6,,0.064,194
"34,35,36",4,"36,35",0.19,194
"43,45,44",8,"43,44",0.138,194
"25,24",11,,0.149,194
14,15,14,0.006,195
"25,24",4,"25,24",0.101,195
"4,6",14,,0.151,195
"34,35,33",10,33,0.091,196
"44,45,46",8,"44,45",0.002,196
"35,34",6,"34,35",0.066,196
"34,35,33",3,33,0.121,196
"24,25",10,,0.192,196
"45,44",16,44,0.186,197
"14,15",10,15,0.075,197
"13,15,14",3,"13,15",0.153,197
"44,45,43",17,,0.15,197
"24,25,23,26",16,"25,24",0.068,197
"5,6",13,5,0.169,198
"25,24",10,25,0.092,198
"24,23",20,"23,24",0.009,198
"15,14",18,,0.017,204
34,11,34,0.025,205
4,12,,0.082,205
"44,45",12,,0.129,206
"14,15",18,"15,14",0.065,206
"35,34,36",4,,0.008,206
"24,25,23",15,,0.145,206
"45,43",11,,0.027,206
"24,25",16,"25,24",0.021,206
"14,15,16",19,,0.15,206
"14,15",16,"14,15",0.103,206
"35,34",8,,0.001,206
"4,5",4,,0.01,206
"34,35,36",11,36,0.009,207
"45,44",14,44,0.033,207
"24,25,23",17,23,0.092,207
44,19,44,0.044,207
"35,34,33",13,35,0.097,207
"25,24,23",15,"24,25",0.014,207
14,13,14,0.063,208
"45,44,47",13,,0.154,208
44,2,44,0.178,208
"44,45",9,44,0.02,208
"15,14,13",20,13,0.15,208
"24,25",19,24,0.16,208
"25,24",7,"25,24",0.015,208
"16,15,14",10,15,0.175,208
"44,45",10,44,0.075,208
"4,5,3",5,"5,3",0.173,208
"34,35",16,"35,34",0.143,208
"3,4,5",18,,0.152,208
"25,24",5,,0.039,208
"25,24",15,"24,25",0.169,208
"35,34",3,,0.031,208
"14,15,13,16",12,"16,15",0.146,208
"14,15",14,,0.098,209
"45,44",5,,0.067,209
"34,35,36",16,35,0.155,209
"14,15,13",4,14,0.113,209
"44,43,45,46",11,45,0.078,209
"4,5",4,5,0.081,209
"14,15,16,13",16,,0.159,209
24,20,,0.07,209
"45,44,46",12,"44,45",0.046,209
"35,34",17,"35,34",0.185,209
"45,44",5,,0.115,209
"35,34",2,,0.127,209
"15,14",3,14,0.123,209
"35,34",18,,0.097,209
45,13,45,0.031,209
"14,15",1,,0.167,209
"13,14,15",6,14,0.024,209
"13,15,14",7,,0.038,210
"5,4",14,5,0.023,210
"25,24,26",13,,0.049,210
"4,5,6",3,"4,5",0.035,210
"5,4",17,,0.066,210
"45,44",14,"44,45",0.127,210
"4,5,6",9,"4,6",0.191,210
"34,35,36,33",7,"34,33",0.188,210
"6,4,5",18,,0.138,210
"15,14",7,,0.046,210
3,1,3,0.13,210
"25,24,26",17,"25,26",0.102,210
"15,14,13",13,"14,15",0.193,210
"44,45",8,,0.035,210
"15,14",13,,0.047,210
"35,34",19,35,0.067,211
"45,47,44,43",18,"44,45",0.111,211
44,13,,0.194,211
"34,35,33",14,34,0.166,211
"14,15",11,,0.185,211
"34,36,35,33",6,,0.104,211
"14,12",13,14,0.093,211
"45,44,46",15,,0.031,211
"45,43,44",17,43,0.137,211
"4,5",4,,0.04,211
"34,35",20,34,0.08,211
"25,24",10,"24,25",0.072,211
"15,14,13",2,,0.076,211
35,7,35,0.057,212
"45,43,44",18,44,0.079,212
25,14,25,0.018,212
36,20,36,0.177,212
"5,4",19,,0.089,212
"15,14",3,,0.187,212
14,6,14,0.192,212
"25,24",10,"25,24",0.154,212
"4,5",16,,0.023,212
"45,44",2,"45,44",0.196,212
"44,46,45",9,,0.134,212
"44,43,45",2,43,0.135,212
"45,46,44,43",5,"45,46",0.011,212
"45,44",18,45,0.066,212
"43,45,44",19,"43,45",0.042,213
"24,25",16,,0.053,213
"44,45",18,44,0.067,213
14,20,14,0.144,213
"15,14,16",3,"16,14",0.06,213
15,17,15,0.192,213
"33,34,35",13,34,0.099,213
"35,34",20,"35,34",0.018,213
"15,14",14,,0.148,213
35,18,35,0.104,213
"25,24,23",12,25,0.091,214
"7,6,5,4,3",14,,0.193,214
"44,45,46",16,45,0.132,214
43,4,43,0.016,215
"44,45",11,,0.144,215
"4,3,5",2,3,0.13,215
"45,44",3,"45,44",0.126,215
"34,35,36,37",14,"36,37",0.148,215
"44,45,46",14,"46,44",0.123,215
"24,25,26",4,,0.165,215
"15,14",4,15,0.194,215
"44,45",10,45,0.19,215
"15,17,13,14",12,"17,14",0.024,215
"24,25,26",15,"25,24",0.127,216
34,2,34,0.029,216
"36,34",7,"36,34",0.009,217
"4,5",15,,0.098,223
"24,25",20,"25,24",0.158,224
"35,34",14,"34,35",0.192,224
"34,36,35,33",10,34,0.028,225
"46,44,45",11,44,0.013,225
"44,45,43",11,44,0.121,225
"15,14",11,,0.064,226
"34,35",1,,0.015,226
"15,14",4,"14,15",0.131,226
45,7,45,0.197,226
24,16,,0.148,226
"24,25,26",5,26,0.057,226
"44,45",9,,0.142,226
"4,5",10,"4,5",0.194,226
"45,44",14,,0.004,226
"5,6",1,"5,6",0.15,226
"25,24",5,"25,24",0.081,226
"24,25,23,26",9,,0.182,226
"14,16,15",13,14,0.071,226
"24,25,26,23",18,26,0.015,227
"45,44",15,44,0.057,227
"2,5,4",16,,0.027,227
"45,44",9,,0.174,227
"4,5",18,"4,5",0.047,227
"35,34,33",20,"34,33",0.188,227
"15,14,16",13,15,0.183,227
"44,45,46",19,"44,45",0.039,227
5,8,5,0.002,227
"15,14",2,"15,14",0.021,227
"44,45",18,,0.007,227
"25,24,26",14,,0.068,227
"4,5,2",4,,0.021,227
"34,35,33",20,"34,33",0.194,228
24,15,,0.041,228
"45,44",15,45,0.041,228
"25,24",10,25,0.127,228
"35,34",5,"34,35",0.199,228
25,3,,0.147,228
35,8,35,0.188,228
24,12,,0.08,228
"3,4,5,6",6,,0.155,229
16,1,16,0.13,229
"4,5",12,5,0.08,229
"4,5,6",2,,0.035,229
"26,25,24,23",4,,0.081,229
"34,35",10,,0.152,229
"44,45,46",10,"44,45",0.065,229
"24,25",11,24,0.111,229
"34,35,36",20,,0.128,229
"4,5",20,4,0.13,229
"4,5",8,"4,5",0.15,229
"24,25,23",11,"25,24",0.148,229
"14,15,16",6,"14,16",0.189,229
"46,44,45,41",1,,0.01,230
"14,15,13,16",4,16,0.029,230
"44,45,43",10,,0.104,230
"25,24,23",10,"24,23",0.054,230
"15,14",19,"14,15",0.019,230
"25,24,26",3,26,0.199,230
"14,16,15,13",11,"13,15",0.027,230
44,5,,0.026,230
"14,15",16,,0.018,230
"4,5",9,"4,5",0.141,230
"4,5,6",7,6,0.019,230
"44,45,46,43",11,,0.015,230
"16,15,14",12,"16,14",0.107,230
45,6,45,0.092,230
"14,15",9,14,0.071,230
"35,34",8,"35,34",0.058,230
"5,4",4,,0.039,230
"45,44,46",19,"46,45",0.077,230
"15,14,13",3,,0.066,230
"35,34",14,35,0.197,230
"26,24,25",2,26,0.176,230
"35,34,36",3,35,0.155,230
"35,36,34",11,,0.167,230
4,10,4,0.093,230
"15,14,16",5,"14,16",0.02,231
"35,34",5,34,0.044,231
"34,35",11,"35,34",0.033,231
"5,3,4",4,"4,3",0.059,231
"34,35",11,34,0.003,231
"34,37,35,33",18,"33,37",0.137,231
25,9,25,0.092,231
"14,15",18,14,0.152,231
"4,6,5",8,"6,4",0.05,231
"24,23",10,,0.079,231
"14,15",15,14,0.109,231
4,5,4,0.184,231
"15,14",13,,0.195,231
"35,34",18,35,0.15,231
"14,15,12",16,12,0.119,231
"34,35,33",18,"35,33",0.184,231
"35,34",5,,0.178,231
"44,45",3,,0.161,231
"27,25,24,23",12,"27,25",0.102,232
"5,4,6",12,5,0.133,232
"15,14,16",10,,0.111,232
"45,44",2,,0.043,232
"45,44",10,,0.038,232
"45,44,43",11,"45,44",0.004,232
34,14,34,0.069,232
"4,5,3",11,,0.004,232
"4,5",20,,0.155,232
"24,25,23",12,23,0.188,233
"5,4",7,5,0.135,233
"16,15,14",9,"14,15",0.034,233
"24,25",20,"25,24",0.147,233
"4,6,3,5",2,6,0.1,233
"5,4",5,5,0.062,233
"4,5,6",9,6,0.189,233
"34,35,33",18,"35,34",0.098,234
"25,23,24",7,,0.017,234
"35,34,36",4,,0.185,234
"23,24,25",8,,0.062,235
"33,34,36,35",8,33,0.024,235
"5,4",10,"5,4",0.003,236
44,11,,0.042,236
"24,25,23",12,"25,24",0.003,237
"14,15",16,14,0.101,237
"33,35",9,"35,33",0.121,244
"35,34",19,"34,35",0.098,244
"5,4,3,6",9,,0.093,244
"35,34,33,36",7,35,0.033,244
"3,5,4",5,"4,3",0.007,245
"4,3,5",14,,0.148,245
"4,5,3",12,"4,3",0.05,245
"45,44",15,,0.074,245
"15,14",11,,0.109,245
"14,13,15",20,15,0.136,245
"14,16,15",16,"16,15",0.058,245
"14,15",2,14,0.092,246
45,2,45,0.156,246
25,1,25,0.157,246
"24,25,23",1,,0.045,246
"25,24,26",1,24,0.148,246
34,12,34,0.062,246
"24,25",10,24,0.069,246
"35,34",13,,0.088,246
"6,4,3,5",1,"4,5",0.144,246
"25,24",15,25,0.135,246
"25,24,23",2,"25,23",0.197,246
"46,44,45",11,45,0.071,246
"4,5",7,4,0.104,246
47,3,47,0.1,246
"34,35",12,"34,35",0.022,246
"25,24",15,,0.143,247
"5,4,6",3,"6,5",0.067,247
"34,35,36",20,34,0.154,247
"34,35,36",8,34,0.029,247
"24,25,26",20,,0.191,247
"25,24,23",7,"24,23",0.082,247
43,11,43,0.014,247
"4,5,6,3",5,5,0.07,247
"34,35",1,34,0.177,247
"15,16,14",9,"15,14",0.004,247
"14,15",6,"14,15",0.146,247
"14,13",8,14,0.159,247
"15,14",2,"15,14",0.097,247
"35,34",5,"34,35",0.057,247
"44,45",8,44,0.129,247
"24,25,26",17,,0.04,247
"44,45",7,"44,45",0.062,248
34,16,34,0.017,248
"44,45",16,"44,45",0.172,248
"5,4,6,3",13,"5,6",0.165,248
"15,14",18,15,0.2,248
"5,3,4",3,4,0.034,248
"34,35",18,35,0.058,248
"15,14,13",18,,0.135,248
"34,35",6,34,0.199,248
"35,34,36,33",18,"35,33",0.101,248
"34,35",4,"34,35",0.115,249
"15,16,14",17,,0.157,249
"5,4",11,4,0.094,249
25,19,,0.177,249
"4,5",17,4,0.025,249
"24,25",11,"25,24",0.186,249
"14,15",18,"14,15",0.092,249
"45,44",17,45,0.043,249
35,11,35,0.183,249
"14,16,15",20,"15,16",0.064,249
"33,34,35",6,"33,34",0.112,250
"24,25",15,"25,24",0.192,250
"35,34,33",11,33,0.138,250
"34,35",2,"35,34",0.2,250
"15,14",12,"15,14",0.091,250
"34,35",19,"34,35",0.064,250
"45,44",15,"44,45",0.104,250
"25,24",9,25,0.11,250
"14,15,16",15,14,0.023,250
"34,35",20,"35,34",0.177,250
"35,36,33,34",3,"36,33",0.088,250
"35,34",3,"34,35",0.035,250
"6,5,3,4",12,"5,6",0.154,250
"45,44,43",15,45,0.021,251
"24,25",16,"25,24",0.042,251
"3,4,5,6",16,"5,3",0.056,251
"34,35",3,"34,35",0.106,251
"25,24",12,25,0.039,251
"4,5",2,"4,5",0.135,251
"44,45,46,43",8,"44,45",0.014,251
"4,5",19,"5,4",0.192,251
"24,25",18,"24,25",0.133,251
44,6,,0.051,251
"4,3,5",12,,0.175,251
"4,6",19,6,0.057,252
"45,46",10,,0.191,252
"35,33,34",17,"35,34",0.085,252
"24,25",11,,0.022,252
"24,25",5,24,0.001,252
23,1,23,0.148,252
"36,34,35",17,34,0.156,252
"44,45",6,"45,44",0.131,252
"26,25,24",10,24,0.173,252
"15,14",8,"14,15",0.02,253
"13,14,15",16,"14,13",0.029,253
"15,14,16",1,15,0.182,253
"44,45",18,44,0.165,253
"15,14,13",16,"14,13",0.067,253
14,15,,0.104,253
"5,4,6,7",19,4,0.056,253
"13,15,14",3,14,0.03,253
"24,25,23",1,,0.192,253
"6,5,4,3",20,,0.024,254
"25,24,26",20,,0.08,254
"25,24,26,23",7,"24,26",0.067,254
"15,14,16",10,,0.115,254
"23,25,24",1,"23,25",0.1,255
"5,3,4",19,4,0.161,255
12,11,12,0.193,255
"3,4,5",6,"4,3",0.004,255
"15,14,16",4,15,0.178,255
"46,45",20,45,0.009,255
"24,27,25",15,"27,25",0.016,255
"25,24",2,,0.165,257
"36,33,35,34",3,"36,34",0.009,257
"35,34,36",1,"35,36",0.006,257
"14,15",12,15,0.044,257
"24,25",6,,0.144,258
"14,15,16",3,"15,14",0.116,263
"5,4,7,6",6,"7,4",0.008,263
"4,3,5",19,4,0.06,264
"34,35",2,"35,34",0.171,265
45,2,45,0.14,265
"14,15",18,,0.137,265
"44,45,46",6,46,0.138,265
"15,14",2,14,0.178,266
"15,14",14,14,0.134,266
"35,34,33,36",4,34,0.077,266
"14,15,16",5,"14,15",0.111,266
"14,15,13",3,"15,13",0.021,266
"23,24,25",16,24,0.119,266
"44,45",11,45,0.076,266
"44,46,45",9,46,0.067,266
"24,25",19,25,0.142,266
"17,15",13,15,0.129,266
"25,24,23",20,,0.174,266
"44,45",18,"44,45",0.182,267
"24,25,23,26",6,23,0.066,267
34,20,,0.09,267
"24,25",5,25,0.003,267
44,15,44,0.07,267
"15,14",18,,0.096,267
"14,15",12,14,0.077,267
"14,15",13,,0.105,267
"14,15",9,"15,14",0.06,267
"5,4,7",14,"5,7",0.018,267
"24,25",19,24,0.164,267
"4,5,3",13,4,0.005,268
"25,24,23",16,,0.011,268
"5,4,6,3",6,"4,6",0.145,268
"25,24,23",20,,0.091,268
"44,43,45,46",11,,0.06,268
5,16,5,0.09,268
"35,34,36",14,"34,36",0.039,268
"24,26,25,23",15,,0.063,268
15,4,15,0.069,268
"24,25,26",2,25,0.065,268
"14,15",10,15,0.164,268
"35,33",11,33,0.009,268
"25,26,24",10,,0.025,268
"13,15,14,16",1,,0.014,269
"24,25,23",18,24,0.074,269
"15,14",18,"14,15",0.017,269
"24,25,26",6,26,0.088,269
"24,25",14,"24,25",0.028,269
"14,15",12,"15,14",0.179,269
"26,24,25,23",17,"23,25",0.124,269
15,16,,0.032,269
"24,25",15,,0.114,269
"35,34",2,35,0.126,269
"14,15",14,14,0.184,269
44,16,44,0.001,269
"5,4,3",13,4,0.051,269
"44,45",5,,0.142,269
"35,34",16,35,0.046,269
"24,25",16,25,0.126,269
"26,25,24",16,,0.026,269
"14,15,13",4,13,0.026,270
"4,5",7,"5,4",0.074,270
"24,23,25",2,"24,23",0.01,270
"25,24,26",4,24,0.091,270
"4,5",8,"5,4",0.034,270
"45,44",6,"45,44",0.109,270
"5,4,3",19,5,0.101,270
"24,25",5,24,0.145,270
"14,15",8,,0.047,270
"43,44,45",4,,0.106,270
"45,44",19,"45,44",0.178,270
"24,25,26",14,"26,24",0.161,270
"44,45",20,,0.08,270
43,1,,0.097,271
"35,34,36",16,,0.141,271
"5,4",18,,0.149,271
"44,45,43",9,"44,45",0.04,271
"34,32,35",16,34,0.046,271
"24,25,23",7,25,0.089,271
"45,46,44",18,"44,45",0.056,271
"44,45,43",17,,0.19,271
"15,16,14,13",17,"14,15",0.187,271
45,7,45,0.142,271
"25,24,26",20,"25,24",0.078,271
"34,35,33",5,,0.112,271
"45,44",11,"45,44",0.158,271
"15,14",13,,0.058,272
"44,46,45",9,"44,46",0.019,272
"24,25,27",2,,0.089,272
"5,4,6",10,4,0.124,272
"43,44,46,45",16,,0.18,272
"35,34",13,"35,34",0.014,272
"16,14,15",18,14,0.146,272
"45,44,43,46",6,46,0.146,272
"24,26,25",11,"24,25",0.071,273
"4,5",10,"4,5",0.108,273
"45,43,44",6,"45,44",0.137,273
"25,26,24,23",15,23,0.197,273
"5,4",20,"4,5",0.136,273
"24,25",13,"25,24",0.108,273
"35,34",18,34,0.058,273
"3,4,5",6,,0.112,274
4,14,4,0.168,274
"34,35",8,"35,34",0.073,274
"15,14",15,"15,14",0.021,274
"5,4",16,"4,5",0.008,274
"14,15,16,13",19,,0.016,274
"25,24,26",12,,0.005,274
"25,23,24,26",12,"26,24",0.109,274
15,18,,0.059,275
"34,35,36",4,"36,34",0.17,275
44,11,,0.163,275
14,11,,0.006,276
"14,15,16",13,14,0.108,276
"35,34",19,"35,34",0.161,276
"16,15,14",15,"14,15",0.2,276
"4,3,5",14,,0.052,277
"5,3,4",18,,0.022,277
"45,43,44,46",11,46,0.08,277
"14,15",19,,0.122,277
"34,35,33",9,"35,34",0.146,280
"25,24",15,"24,25",0.087,282
"4,5",12,4,0.105,283
"14,15,13,16",1,15,0.06,284
"44,45",3,,0.187,284
"24,23,25",13,"24,23",0.157,285
"4,6,5",8,,0.089,285
"24,25",10,"25,24",0.041,285
"15,13",12,13,0.018,285
"25,24,23",2,,0.064,286
"45,44,43",6,43,0.187,286
"24,25",3,"25,24",0.013,286
"43,46,44,45",19,,0.191,286
"5,4",10,,0.077,286
"35,34",20,"34,35",0.175,286
"4,5",1,5,0.183,286
"45,44,46",3,"46,45",0.031,286
"44,45",20,44,0.169,286
"45,44,46",12,44,0.176,286
"35,36,34",19,"36,34",0.012,286
"45,43",5,,0.041,287
"14,15,16,13",5,,0.116,287
"4,5,6",6,6,0.022,287
"24,25",18,24,0.111,287
14,3,14,0.187,287
"36,35,34",19,"36,34",0.066,287
14,11,14,0.0,287
"24,25",19,24,0.156,287
"24,25",19,,0.15,287
"14,15,13,12",6,15,0.147,287
14,20,14,0.159,287
"44,45",3,44,0.025,287
"25,24",14,,0.141,287
"25,24,26",7,"26,25",0.199,287
"44,46,45",12,"44,46",0.188,287
"45,44,46",12,46,0.021,287
"34,35",8,,0.171,288
"34,36,35",17,,0.113,288
"5,4,6",19,6,0.049,288
"35,33",12,,0.037,288
"25,24,23,26",7,24,0.085,288
"25,24",1,"24,25",0.153,288
"35,34,36",10,,0.195,288
"25,24,23,26",14,"25,24",0.19,288
"35,34,36",15,"35,34",0.136,288
"36,35,34,32",11,34,0.181,288
"44,45,43",10,,0.127,288
"34,35,33",5,"33,34",0.105,288
"25,24,26",9,24,0.155,289
"33,35,34",5,"35,33",0.031,289
"34,35,36",5,"34,36",0.039,289
"15,14",7,14,0.055,289
"24,25",9,,0.158,289
"5,4,6,3",16,,0.17,289
"45,44",8,,0.074,289
"15,14,16",2,16,0.083,289
"35,34",1,34,0.149,289
"44,45,46",16,"46,45",0.022,289
"15,14",3,,0.092,289
22,16,22,0.133,290
"25,24,23",5,23,0.13,290
"44,45,43",13,,0.108,290
35,18,35,0.142,290
"24,25",20,25,0.165,290
33,10,,0.151,290
"4,5,2",9,2,0.11,290
"25,24,23,26",20,,0.083,290
"34,36,35",1,,0.106,290
"44,45,46",4,"44,46",0.191,290
"15,14",17,"14,15",0.146,291
"34,35,36,33",14,"36,34",0.047,291
"13,15,14",7,13,0.007,291
"34,36,35",1,34,0.009,291
34,12,34,0.162,291
15,12,15,0.113,291
14,5,,0.003,291
"14,15",9,,0.152,291
"35,33,34",10,"35,34",0.169,291
"35,34",1,35,0.162,291
"35,34",18,"35,34",0.022,291
"44,45,46",20,,0.118,291
"14,15,16",6,"15,16",0.082,291
14,18,14,0.152,291
24,12,24,0.178,292
"45,44",19,,0.133,292
"14,16,15,13",2,,0.174,292
"24,25",7,,0.157,292
"34,35,36",19,35,0.149,292
"44,45",9,44,0.173,292
"34,35,31,33",7,33,0.182,292
"15,14",12,,0.071,292
"24,25",12,,0.098,292
5,1,5,0.094,292
"24,23,25,26",18,"25,26",0.14,292
"4,5,6",5,4,0.172,292
"15,14,16",6,,0.047,292
"45,44",20,45,0.131,293
"5,4",6,,0.096,293
4,13,,0.188,293
"25,24",13,"25,24",0.011,293
"14,15",6,,0.013,293
"25,26,23",12,25,0.119,293
"4,5,3",2,,0.026,293
"35,34",7,"34,35",0.057,293
"45,44,46",10,"46,45",0.181,293
"25,24,23",15,,0.153,293
"14,15",8,,0.193,293
"15,14,16",12,,0.047,293
"45,44",11,"45,44",0.145,294
"4,5,3",16,4,0.132,294
"5,4,6",11,6,0.021,294
"5,4",11,"5,4",0.03,294
35,17,35,0.138,294
"34,35",5,35,0.096,295
"44,45,43",14,"43,44",0.182,295
44,6,,0.134,295
"24,25,26",7,,0.067,295
"25,24",12,24,0.182,295
"35,31,34",12,,0.134,295
"14,15",10,"14,15",0.132,296
"4,5",12,5,0.18,297
0,13,0,0.101,303
30,7,,0.047,305
40,13,40,0.157,305
0,5,0,0.175,305
20,15,20,0.089,305
10,10,10,0.083,305
30,18,30,0.093,305
30,11,30,0.01,305
30,7,30,0.034,306
10,3,,0.167,306
0,14,0,0.018,306
40,8,40,0.09,306
0,2,,0.17,306
10,9,10,0.147,306
40,11,40,0.05,306
30,18,,0.18,306
"0,1",2,0,0.114,306
10,7,10,0.113,306
20,20,20,0.179,307
10,8,10,0.134,307
30,17,30,0.065,307
20,4,20,0.083,307
20,5,20,0.145,307
0,15,0,0.108,307
"10,19",1,"10,19",0.184,307
"30,32,39",16,"32,30",0.093,307
30,3,,0.12,308
0,11,0,0.132,308
"20,29",7,"20,29",0.022,308
40,19,40,0.034,308
10,20,10,0.082,308
40,20,40,0.142,308
"0,9",16,"9,0",0.029,308
30,18,30,0.034,308
0,7,0,0.048,308
"20,21,23,28",20,,0.196,308
30,1,30,0.011,308
0,14,,0.046,308
0,10,0,0.032,308
0,12,0,0.187,308
10,16,10,0.075,309
"10,19",10,,0.036,309
30,11,30,0.083,309
20,15,,0.099,309
0,9,0,0.164,309
40,11,40,0.138,309
30,9,30,0.076,309
"30,31,39",12,,0.049,309
40,18,,0.149,309
20,6,20,0.128,309
30,13,30,0.102,309
0,3,,0.01,310
40,13,40,0.066,310
10,11,,0.079,310
10,19,,0.037,310
40,15,40,0.077,310
40,7,40,0.068,310
20,12,20,0.073,310
0,3,,0.054,310
"30,31,32,33,39",17,"33,39",0.175,310
20,13,,0.191,310
40,17,40,0.151,310
"10,19",1,10,0.01,310
40,10,40,0.031,311
10,15,10,0.146,311
20,11,20,0.196,311
20,3,20,0.108,311
0,12,0,0.161,311
0,8,0,0.015,311
20,6,20,0.037,311
40,10,,0.03,311
"40,43",16,,0.011,311
20,17,20,0.125,311
20,11,,0.037,311
10,12,10,0.093,311
40,5,,0.159,311
"20,29",13,"29,20",0.138,311
30,1,,0.125,311
10,14,,0.163,312
20,3,20,0.027,312
0,10,0,0.144,312
20,11,20,0.034,312
10,3,10,0.154,312
0,4,0,0.103,312
20,8,,0.193,312
40,11,40,0.107,312
20,11,20,0.079,312
30,1,30,0.025,312
40,18,,0.023,312
0,12,0,0.135,312
40,20,40,0.117,312
20,1,20,0.035,312
40,13,,0.18,312
10,11,10,0.164,313
10,3,10,0.027,313
"40,43,47",3,"40,47",0.175,313
10,16,,0.06,313
20,16,20,0.086,313
30,6,30,0.14,313
20,12,20,0.065,313
20,16,20,0.075,313
0,7,0,0.053,313
40,20,,0.046,314
10,20,10,0.115,314
20,2,20,0.069,314
0,20,,0.12,314
20,11,20,0.046,314
"30,39",8,"30,39",0.128,314
40,15,40,0.075,315
"30,39",13,,0.011,315
10,8,,0.126,315
10,4,10,0.118,315
10,20,10,0.172,315
10,19,10,0.085,316
10,16,,0.052,316
10,13,10,0.149,316
30,16,,0.187,317
40,7,40,0.005,318
0,20,0,0.034,318
20,17,,0.176,318
0,11,,0.076,321
10,12,10,0.181,322
"0,9",12,"0,9",0.056,324
30,15,,0.011,324
20,9,,0.064,325
0,17,,0.13,325
30,4,30,0.1,325
"20,21,29",8,21,0.14,325
0,18,,0.036,326
20,5,20,0.127,326
10,4,,0.145,326
30,1,30,0.155,326
30,17,,0.017,326
10,4,10,0.011,326
40,6,40,0.117,326
20,19,20,0.086,327
40,11,40,0.09,327
40,15,40,0.004,327
"0,2",4,,0.002,327
0,2,,0.172,327
10,2,10,0.085,327
0,18,0,0.17,327
20,17,20,0.124,327
40,14,40,0.188,327
30,19,30,0.014,328
10,9,10,0.178,328
30,1,30,0.145,328
40,12,40,0.143,328
10,18,10,0.065,328
20,6,20,0.152,328
30,7,,0.144,328
20,8,20,0.148,328
0,16,0,0.016,328
"0,9",15,,0.113,328
0,9,0,0.033,328
20,14,20,0.046,328
10,10,10,0.182,328
20,5,,0.081,328
20,2,20,0.195,328
30,7,30,0.096,328
10,6,10,0.196,329
"0,4,9",20,,0.188,329
20,8,20,0.151,329
10,13,10,0.061,329
0,16,0,0.011,329
"40,49",18,,0.182,329
"30,31",17,"30,31",0.107,329
30,18,30,0.193,329
20,9,,0.182,329
20,8,20,0.131,329
10,4,,0.051,329
20,1,,0.104,329
"40,42",14,"42,40",0.181,329
0,15,,0.17,329
10,11,10,0.047,329
10,20,,0.017,329
30,3,30,0.003,330
20,2,20,0.13,330
20,1,,0.101,330
10,2,10,0.191,330
30,15,,0.122,330
0,2,0,0.167,330
0,6,,0.155,330
40,8,40,0.156,330
20,20,20,0.08,330
"0,9",17,"0,9",0.102,330
"0,1,9",13,"9,0",0.028,330
0,5,0,0.018,330
10,13,10,0.054,330
20,12,20,0.06,330
"0,9",11,"0,9",0.116,330
30,13,,0.167,330
30,17,30,0.144,330
30,14,30,0.132,331
40,19,40,0.012,331
10,9,10,0.151,331
20,8,20,0.18,331
20,8,20,0.133,331
40,12,40,0.106,331
"20,21,22,29",13,,0.002,331
40,13,40,0.134,331
40,3,40,0.015,331
30,8,30,0.044,331
40,20,40,0.043,331
10,6,,0.122,331
10,6,10,0.058,331
30,3,30,0.104,331
30,11,30,0.187,331
"30,39",8,"30,39",0.127,332
"30,39",6,30,0.05,332
40,14,,0.137,332
40,7,40,0.071,332
10,13,10,0.143,332
20,11,20,0.132,332
10,9,,0.046,332
40,11,40,0.17,332
40,5,,0.14,332
10,6,10,0.148,332
"0,3,9",10,"3,9",0.15,333
40,3,,0.0,333
0,20,,0.143,333
20,16,20,0.073,333
0,11,0,0.007,333
10,2,,0.143,333
10,16,10,0.085,334
30,3,30,0.06,334
"20,29",12,20,0.184,334
30,15,,0.069,334
0,12,0,0.125,334
10,18,10,0.039,334
10,7,10,0.127,335
0,6,0,0.068,335
30,18,,0.008,335
30,8,,0.166,336
30,14,30,0.161,336
10,8,,0.062,336
10,16,10,0.135,336
10,12,10,0.049,336
"30,31",9,"30,31",0.054,337
30,7,30,0.005,339
20,2,20,0.1,343
40,10,,0.047,343
"20,26,29",3,"29,26",0.09,345
10,1,10,0.004,346
40,15,40,0.113,346
0,13,0,0.049,346
"20,21,22",15,20,0.121,346
0,14,0,0.083,346
0,11,,0.117,346
10,1,10,0.19,346
30,10,,0.074,346
0,19,0,0.146,346
0,4,0,0.144,346
40,1,,0.154,346
40,7,40,0.084,346
30,9,,0.172,347
20,10,,0.039,347
40,8,40,0.187,347
10,17,10,0.196,347
0,8,0,0.19,347
40,12,40,0.035,347
"40,49",1,40,0.199,347
20,18,20,0.143,347
40,19,40,0.084,347
10,15,,0.165,347
40,1,,0.064,348
20,4,20,0.093,348
20,10,20,0.059,348
10,8,,0.156,348
40,6,,0.024,348
20,12,20,0.04,348
0,18,,0.176,348
20,7,,0.085,348
0,4,0,0.191,348
20,8,20,0.147,348
0,11,0,0.036,348
10,12,10,0.15,348
20,7,,0.125,348
0,6,,0.175,348
10,11,,0.19,349
20,12,,0.15,349
30,1,30,0.116,349
30,18,30,0.139,349
0,18,0,0.124,349
40,8,,0.11,349
20,14,,0.127,349
30,2,30,0.171,349
"10,19",12,,0.079,349
"0,9",19,9,0.022,349
0,2,,0.16,349
0,2,,0.184,349
40,12,,0.013,349
40,17,40,0.194,349
40,17,40,0.189,349
20,16,20,0.085,350
"10,11,19",2,,0.168,350
40,9,,0.165,350
40,17,40,0.058,350
20,17,20,0.159,350
0,8,0,0.158,350
20,1,,0.081,350
10,16,10,0.19,350
40,13,,0.159,350
20,11,20,0.188,350
30,12,,0.102,350
"10,19",14,"19,10",0.175,350
0,5,,0.069,350
20,2,,0.036,350
10,14,10,0.095,350
0,14,0,0.154,351
30,5,,0.154,351
30,5,30,0.164,351
40,7,40,0.043,351
40,15,,0.012,351
10,14,10,0.017,351
10,10,,0.168,351
"0,2",10,,0.193,351
10,17,10,0.071,351
30,11,30,0.093,351
20,3,20,0.036,351
10,7,10,0.094,351
0,4,0,0.193,351
30,5,30,0.068,352
10,2,10,0.084,352
10,6,10,0.016,352
10,18,,0.019,352
"20,21,29",3,,0.072,352
40,15,,0.007,352
40,16,,0.126,352
30,11,,0.163,352
"0,3,9",11,0,0.05,353
"10,19",4,"19,10",0.113,353
0,2,0,0.128,353
20,8,20,0.146,353
10,15,10,0.044,353
30,19,30,0.025,353
0,7,,0.011,353
30,20,30,0.026,353
"0,9",15,"0,9",0.039,353
30,19,30,0.15,353
20,1,20,0.103,353
40,7,40,0.131,353
20,9,20,0.012,353
30,2,30,0.181,354
"20,29",10,29,0.163,354
"0,2",11,2,0.197,354
0,10,0,0.11,354
30,16,30,0.186,354
"40,41,49",2,,0.169,354
20,3,20,0.122,354
"10,19",19,19,0.013,355
30,13,30,0.15,355
0,7,0,0.066,355
"10,19",12,19,0.084,355
30,2,30,0.006,356
30,1,30,0.072,356
0,14,0,0.022,357
10,6,10,0.188,357
10,13,10,0.018,358
0,6,0,0.188,363
20,15,,0.031,363
30,17,30,0.197,363
10,19,,0.193,364
30,11,30,0.169,364
"40,41,49",20,49,0.15,365
30,4,30,0.079,365
40,16,40,0.168,365
10,10,10,0.126,365
30,14,30,0.169,365
10,7,10,0.114,366
10,1,10,0.163,366
40,11,40,0.155,366
30,17,30,0.077,366
10,6,10,0.047,366
"30,36,39",9,"39,36",0.101,366
40,3,40,0.133,366
20,6,20,0.188,367
20,17,20,0.037,367
20,15,,0.107,367
20,12,20,0.169,367
30,7,30,0.066,367
"0,9",14,0,0.056,367
"20,21,29",17,,0.052,367
30,16,30,0.157,367
0,2,0,0.12,367
40,14,,0.135,367
40,14,40,0.123,367
"30,39",3,,0.108,368
0,17,0,0.184,368
30,15,30,0.0,368
10,19,10,0.096,368
0,12,0,0.052,368
0,3,0,0.129,368
"30,36,39",10,"36,39",0.163,368
0,9,0,0.12,368
"10,19",11,,0.002,369
10,10,10,0.039,369
"20,21",8,"21,20",0.148,369
0,7,0,0.065,369
10,10,10,0.161,369
10,7,10,0.008,369
30,20,,0.112,369
"20,21",4,"20,21",0.097,369
30,8,30,0.145,369
20,1,20,0.089,369
40,9,40,0.132,369
0,14,,0.08,369
0,2,0,0.053,369
0,5,0,0.018,369
40,18,,0.119,369
40,11,40,0.016,369
30,7,30,0.162,369
0,10,0,0.003,369
0,17,0,0.195,369
40,12,40,0.171,369
30,1,30,0.111,369
"10,11",16,11,0.097,369
40,15,,0.191,370
10,10,,0.156,370
10,13,,0.185,370
0,12,,0.137,370
20,8,20,0.06,370
30,12,30,0.196,370
0,15,,0.09,370
0,11,0,0.076,370
40,6,40,0.103,370
0,17,0,0.15,370
0,20,0,0.101,370
20,1,20,0.125,370
"30,39",20,39,0.004,370
40,2,40,0.179,370
40,5,,0.146,370
"10,15,18,19",12,"10,18",0.029,370
20,4,,0.089,370
"40,49",17,40,0.035,370
30,11,,0.015,370
0,19,,0.111,371
"0,1,6,9",13,,0.163,371
30,3,,0.02,371
10,13,,0.12,371
30,4,30,0.158,371
30,4,30,0.15,371
30,19,30,0.045,371
0,14,0,0.036,371
10,19,10,0.026,371
10,14,10,0.136,371
20,4,20,0.153,371
"40,42,49",4,42,0.041,372
"40,49",20,,0.191,372
20,5,20,0.014,372
10,19,10,0.149,372
10,1,10,0.108,372
"40,41",13,41,0.087,372
10,1,10,0.195,372
40,17,40,0.102,372
"20,28,29",15,,0.007,372
40,1,40,0.135,372
40,9,40,0.099,372
30,16,30,0.011,373
40,4,40,0.179,373
20,4,,0.049,373
40,3,40,0.182,373
"40,49",5,49,0.058,373
20,18,20,0.02,373
40,10,40,0.162,373
0,12,0,0.081,373
"20,29",7,20,0.14,373
20,12,20,0.054,373
10,11,10,0.075,373
30,12,30,0.035,374
10,14,10,0.168,374
30,15,,0.073,374
10,9,10,0.106,374
"0,1,6,9",2,"9,0",0.118,375
20,20,20,0.135,376
10,1,,0.076,376
20,16,20,0.028,377
40,14,,0.155,378
40,4,40,0.195,378
40,1,40,0.164,379
10,11,10,0.011,384
0,4,,0.081,384
40,12,40,0.118,385
10,16,10,0.032,385
0,10,0,0.022,385
30,11,30,0.073,386
40,4,,0.196,386
20,9,20,0.058,386
10,6,10,0.196,387
40,7,40,0.139,387
"40,41",8,"40,41",0.078,387
30,1,30,0.102,387
20,5,,0.14,387
20,12,,0.179,387
20,4,,0.074,387
40,14,40,0.157,387
20,3,20,0.14,387
10,6,10,0.003,387
20,1,,0.175,387
40,1,40,0.105,387
20,15,,0.045,387
20,3,20,0.173,387
"10,19",5,"19,10",0.098,388
40,14,,0.151,388
"10,19",5,19,0.18,388
40,12,,0.141,388
0,16,0,0.095,388
20,14,,0.007,388
30,6,30,0.113,388
30,10,30,0.178,388
20,14,20,0.125,388
40,9,,0.115,388
30,13,30,0.167,388
"20,25,29",10,"20,29",0.195,388
10,12,10,0.054,388
40,10,,0.011,388
30,13,,0.02,389
30,10,,0.149,389
"0,9",10,"9,0",0.151,389
30,7,30,0.114,389
10,9,,0.057,389
40,6,40,0.072,389
20,17,20,0.002,389
"40,45,46",16,,0.065,389
0,11,0,0.131,389
0,12,0,0.075,389
40,18,40,0.015,389
40,2,,0.062,389
40,11,40,0.119,389
"10,11,19",18,,0.179,389
10,8,,0.194,389
0,7,0,0.047,389
10,7,10,0.082,389
40,6,40,0.126,389
40,1,40,0.013,389
"40,42",11,40,0.116,390
"0,9",12,9,0.016,390
0,3,0,0.088,390
40,8,,0.17,390
30,19,30,0.197,390
0,10,0,0.086,390
"10,19",14,"10,19",0.042,390
10,3,10,0.139,390
30,4,30,0.182,390
0,10,0,0.01,390
"30,32,39",16,"32,30",0.127,390
10,13,10,0.027,390
"40,45,49",12,49,0.134,390
30,11,30,0.045,390
10,5,10,0.159,390
20,17,20,0.193,391
10,8,10,0.089,391
20,4,20,0.183,391
10,18,,0.049,391
"30,39",6,"39,30",0.088,391
40,15,,0.102,391
0,11,,0.107,391
20,13,,0.085,391
0,1,0,0.036,391
30,6,30,0.161,391
"40,41,43,44",15,,0.017,391
40,5,40,0.012,391
20,18,20,0.082,391
40,14,40,0.159,391
"30,39",19,"39,30",0.069,392
"40,49",6,"49,40",0.171,392
30,20,,0.02,392
10,1,10,0.075,392
20,4,,0.034,392
30,4,30,0.047,392
40,14,,0.188,392
20,7,,0.134,392
20,20,20,0.005,392
40,6,40,0.021,392
"40,49",17,"49,40",0.037,392
30,15,30,0.121,392
20,9,,0.184,392
0,14,0,0.14,393
30,9,30,0.191,393
0,10,,0.066,393
0,16,0,0.004,393
30,14,,0.053,393
20,7,20,0.143,394
10,14,10,0.185,394
"40,49",1,40,0.049,394
10,4,,0.052,394
"0,9",1,0,0.076,395
0,2,,0.033,395
10,5,10,0.161,395
10,10,10,0.183,395
10,5,,0.186,395
"10,19",15,"10,19",0.185,395
30,6,,0.065,395
0,4,0,0.136,395
30,11,30,0.087,396
20,3,20,0.106,396
20,11,20,0.098,396
20,10,,0.158,397
"0,9",11,"9,0",0.016,397
40,13,40,0.089,398
"40,41,43,49",15,40,0.018,403
10,7,,0.019,403
20,11,20,0.128,404
10,9,10,0.197,404
30,8,30,0.08,404
30,5,,0.185,405
30,9,,0.065,405
"20,25",3,"20,25",0.142,405
0,1,0,0.087,405
0,9,0,0.155,405
10,12,10,0.038,405
20,19,20,0.022,406
10,8,10,0.063,406
20,12,20,0.113,406
10,18,10,0.094,406
40,2,40,0.183,406
40,1,,0.01,406
30,6,30,0.092,406
40,13,40,0.049,406
40,10,40,0.102,406
20,17,,0.041,406
20,17,20,0.018,406
10,15,10,0.047,406
10,7,10,0.01,407
10,7,10,0.069,407
"20,21,29",13,,0.188,407
40,16,,0.194,407
40,14,,0.116,407
20,4,20,0.169,407
"30,33",4,"33,30",0.012,407
10,14,10,0.183,407
10,3,,0.147,407
40,4,40,0.052,407
20,18,,0.004,408
"10,19",1,,0.057,408
"10,12,14,19",13,"14,19",0.074,408
"30,32,33",11,33,0.114,408
0,4,,0.024,408
40,14,,0.075,408
0,19,0,0.026,408
30,13,30,0.045,408
"10,19",16,"19,10",0.11,408
10,11,10,0.189,408
0,10,,0.073,408
20,18,,0.095,408
"40,49",8,49,0.13,408
40,17,40,0.134,408
"0,2,9",17,,0.003,408
10,7,10,0.142,408
0,2,0,0.076,408
0,1,0,0.09,409
20,17,20,0.158,409
10,14,,0.156,409
30,12,,0.159,409
40,9,40,0.018,409
40,12,40,0.022,409
10,11,10,0.097,409
40,1,,0.068,409
10,10,10,0.186,409
10,10,10,0.199,409
0,15,0,0.056,409
0,16,0,0.033,409
40,10,,0.058,410
30,4,30,0.127,410
30,12,30,0.148,410
0,6,0,0.139,410
"10,19",3,19,0.174,410
"10,19",15,"10,19",0.049,410
40,15,,0.164,410
0,14,,0.128,410
"0,9",13,,0.072,410
10,17,10,0.067,410
30,18,30,0.094,410
40,11,,0.195,411
20,18,,0.118,411
0,20,,0.018,411
30,2,30,0.1,411
40,1,40,0.198,411
20,9,20,0.049,411
30,4,,0.122,411
20,15,20,0.061,411
40,13,40,0.039,411
0,18,0,0.198,411
30,19,,0.119,411
"10,13",5,10,0.079,412
"40,49",18,49,0.172,412
20,17,20,0.181,412
"40,42",16,"40,42",0.031,413
"40,42",14,,0.114,413
10,10,10,0.12,413
0,9,,0.12,413
40,3,,0.092,413
30,18,30,0.084,413
"40,49",2,"40,49",0.045,413
10,6,10,0.067,413
"30,33,39",14,30,0.058,413
40,17,,0.031,413
"0,5",9,0,0.025,413
10,2,10,0.197,413
10,9,10,0.054,413
40,14,40,0.013,413
10,5,,0.187,414
40,11,40,0.193,414
40,14,40,0.041,414
40,18,40,0.112,414
10,5,10,0.021,414
30,5,30,0.063,414
10,1,,0.046,414
20,8,20,0.016,414
10,6,10,0.067,414
40,10,40,0.186,414
0,16,0,0.169,414
30,20,30,0.113,415
0,10,0,0.039,415
30,4,30,0.017,416
0,20,0,0.122,416
"20,21,29",15,,0.157,416
20,6,20,0.125,416
20,12,20,0.137,417
0,7,,0.116,419
40,11,40,0.156,423
0,10,0,0.088,423
0,14,,0.022,424
0,12,0,0.16,425
"0,1",4,"1,0",0.094,425
10,19,10,0.147,425
20,12,20,0.028,426
30,6,30,0.035,426
30,4,30,0.11,426
30,16,,0.061,426
"30,39",12,,0.067,426
20,4,,0.057,426
10,16,,0.007,427
40,1,40,0.146,427
10,5,10,0.053,427
30,9,,0.129,427
0,3,0,0.003,427
0,18,0,0.16,427
20,5,,0.037,427
40,7,,0.168,427
0,1,0,0.096,427
10,13,,0.099,427
30,2,30,0.142,427
30,7,30,0.039,428
"40,41",20,"41,40",0.027,428
40,14,,0.085,428
10,2,10,0.001,428
10,4,,0.071,428
40,17,40,0.192,428
10,13,,0.152,428
10,17,10,0.099,428
40,18,,0.074,428
30,11,30,0.157,428
"40,42",15,42,0.121,428
"30,39",11,"39,30",0.008,428
"0,2,9",12,,0.001,428
0,18,0,0.162,428
40,20,40,0.037,428
40,8,,0.185,428
40,7,,0.031,428
40,3,40,0.195,429
"0,9",13,9,0.145,429
0,12,,0.074,429
30,10,,0.003,429
0,20,0,0.197,429
10,18,10,0.074,429
20,9,,0.161,429
"20,23,29",18,"23,20",0.015,429
10,7,10,0.167,429
30,5,,0.198,429
20,16,20,0.119,429
30,4,,0.199,429
"10,12",14,,0.084,429
30,1,30,0.037,429
10,18,10,0.04,429
30,1,30,0.175,429
"10,19",12,"10,19",0.066,429
40,9,40,0.024,430
"0,1",12,"1,0",0.038,430
10,12,10,0.172,430
10,18,10,0.016,430
10,16,10,0.018,430
10,7,10,0.175,430
10,19,10,0.017,430
20,7,20,0.146,430
40,20,40,0.152,430
20,1,,0.062,431
"20,21,29",19,,0.059,431
30,8,,0.125,431
40,7,40,0.168,431
30,1,30,0.021,431
10,12,,0.119,431
30,2,,0.069,431
30,17,,0.005,431
"40,49",1,"40,49",0.057,431
20,13,20,0.066,431
"30,36",3,36,0.0,431
20,18,20,0.18,431
"20,26",13,20,0.1,431
0,8,0,0.091,432
10,6,10,0.164,432
40,8,,0.129,432
10,3,10,0.019,432
40,13,40,0.104,432
0,6,0,0.014,432
"40,42,49",10,42,0.032,432
"30,39",6,39,0.048,432
30,8,30,0.109,432
10,1,10,0.123,432
"20,21,23,29",15,23,0.034,432
20,3,,0.088,432
10,18,10,0.027,432
0,17,,0.153,432
0,10,,0.025,432
"10,11",13,,0.133,433
40,20,,0.007,433
30,10,30,0.159,433
10,7,,0.057,433
"20,23",12,23,0.07,433
"30,39",5,30,0.118,433
0,15,0,0.003,433
10,3,10,0.078,433
10,19,10,0.112,433
10,11,,0.099,433
40,14,40,0.174,434
40,18,40,0.145,434
"0,6,9",10,"6,0",0.044,434
20,4,20,0.06,434
40,14,40,0.097,434
40,14,,0.071,434
10,2,10,0.078,435
40,10,,0.073,435
0,5,0,0.0,435
0,18,,0.181,435
20,17,20,0.034,435
20,14,20,0.148,436
10,11,10,0.009,436
20,18,20,0.11,437
20,17,20,0.085,438
30,6,30,0.2,439
10,4,10,0.192,445
20,1,,0.148,445
40,19,,0.048,445
20,5,,0.087,445
10,1,10,0.093,445
"20,29",12,"20,29",0.182,446
10,16,,0.065,446
10,14,,0.095,446
10,3,10,0.135,446
30,4,,0.143,446
10,5,10,0.146,446
30,7,30,0.125,447
10,15,10,0.198,447
40,12,40,0.004,447
40,18,,0.19,447
30,8,30,0.047,447
"20,21",1,,0.041,447
30,13,30,0.12,447
0,16,,0.0,447
40,13,,0.092,447
30,11,30,0.108,447
30,3,30,0.171,447
40,8,,0.149,447
20,15,20,0.165,447
"40,49",1,,0.11,448
40,5,40,0.018,448
"30,31",18,30,0.113,448
20,13,20,0.154,448
"0,9",5,0,0.009,448
40,8,40,0.085,448
30,8,,0.007,448
30,5,30,0.195,448
30,20,30,0.001,448
30,16,,0.135,448
30,15,30,0.089,448
10,7,,0.117,448
20,17,20,0.02,448
40,4,,0.177,448
30,3,30,0.194,449
40,9,40,0.182,449
40,18,40,0.15,449
10,18,10,0.057,449
30,5,30,0.047,449
0,15,,0.1,449
40,18,40,0.109,449
20,9,20,0.108,449
10,18,10,0.128,449
0,1,0,0.145,449
40,3,,0.071,449
30,16,,0.151,449
"10,17,19",3,10,0.168,449
30,16,30,0.08,450
10,19,10,0.054,450
40,19,40,0.024,450
10,6,10,0.052,450
20,9,20,0.017,450
30,4,,0.07,450
30,16,30,0.14,450
30,4,30,0.148,450
"40,41,43",3,41,0.079,450
10,17,10,0.055,450
40,18,40,0.152,451
0,9,,0.031,451
10,13,10,0.067,451
40,11,,0.095,451
"40,49",11,,0.012,451
40,14,40,0.001,451
40,8,40,0.029,451
40,11,40,0.115,451
40,4,40,0.122,451
20,4,,0.071,452
0,3,,0.012,452
10,9,10,0.144,452
30,19,30,0.009,452
10,17,10,0.193,452
0,13,,0.033,452
40,12,40,0.127,452
40,6,,0.026,452
0,9,0,0.004,452
"0,9",3,,0.107,452
30,13,30,0.108,452
20,19,20,0.065,452
"30,31",7,,0.087,452
10,13,,0.117,452
40,20,40,0.115,452
"20,21",5,20,0.039,452
0,11,,0.2,452
10,3,,0.012,453
0,4,,0.073,453
30,6,,0.113,453
0,1,,0.182,453
20,20,20,0.109,453
40,1,40,0.191,453
20,2,20,0.044,453
40,15,40,0.049,453
0,17,0,0.119,453
"0,1,2,9",6,,0.192,453
30,11,,0.059,453
10,2,10,0.198,453
40,18,40,0.021,453
0,4,0,0.019,453
"20,21,29",15,,0.006,453
10,9,10,0.089,453
20,15,20,0.109,453
"0,9",18,"0,9",0.161,453
0,16,,0.147,454
"30,31,39",17,,0.19,454
0,17,0,0.129,454
"40,49",7,"40,49",0.085,454
20,12,20,0.119,454
"40,41",16,"40,41",0.069,454
10,5,,0.041,455
20,2,20,0.172,455
0,14,0,0.194,455
40,5,,0.002,455
30,3,,0.162,456
0,14,0,0.048,456
20,12,20,0.199,456
0,8,0,0.054,457
30,9,,0.173,458
40,1,40,0.139,464
10,19,10,0.179,464
"40,49",19,,0.049,465
20,13,,0.198,465
40,1,40,0.125,465
20,16,20,0.01,465
0,18,0,0.163,466
"40,45,49",7,"49,45",0.023,466
40,9,40,0.024,466
40,13,40,0.095,466
10,9,,0.005,466
10,4,10,0.093,466
20,8,,0.041,466
30,18,,0.181,467
20,16,,0.112,467
10,4,,0.122,467
10,13,,0.117,467
30,4,30,0.13,467
"40,41,49",9,"41,40",0.116,467
40,5,,0.006,467
20,7,20,0.142,467
20,3,,0.119,467
10,5,,0.089,467
0,20,0,0.145,467
30,20,30,0.115,467
20,2,20,0.039,467
20,15,20,0.129,468
0,12,,0.103,468
0,11,0,0.057,468
"40,41,49",9,,0.153,468
0,4,0,0.079,468
"40,49",15,"49,40",0.169,468
10,2,,0.051,468
20,11,20,0.197,468
0,9,0,0.116,468
30,9,30,0.081,468
20,6,,0.183,468
40,19,40,0.139,468
40,6,40,0.098,468
"0,9",5,"0,9",0.169,468
20,20,20,0.022,469
0,8,0,0.161,469
30,6,30,0.166,469
10,15,10,0.105,469
0,1,0,0.148,469
10,8,10,0.132,469
0,2,0,0.153,469
40,9,40,0.004,469
10,13,10,0.049,469
20,13,20,0.028,469
40,17,,0.161,470
10,11,10,0.047,470
20,17,,0.155,470
20,13,,0.13,470
10,15,,0.056,470
10,4,,0.084,470
30,9,,0.18,470
30,9,30,0.015,470
0,9,0,0.117,470
20,17,,0.017,470
0,15,0,0.128,470
0,9,0,0.105,470
0,9,,0.143,470
20,18,20,0.169,470
20,15,,0.175,470
"40,49",13,,0.071,470
40,1,,0.09,470
30,9,30,0.017,471
"10,18",2,18,0.067,471
10,4,10,0.138,471
30,9,30,0.125,471
10,1,10,0.172,471
30,11,,0.07,471
30,13,30,0.067,471
30,3,30,0.066,471
10,15,10,0.102,471
30,16,,0.198,471
0,7,0,0.072,471
20,11,20,0.065,471
0,7,0,0.009,472
30,8,30,0.101,472
10,2,10,0.08,472
"40,46,49",7,"49,40",0.055,472
0,3,0,0.125,472
"20,29",8,29,0.194,472
40,6,40,0.047,472
0,7,,0.108,472
10,11,10,0.039,472
40,18,,0.154,472
20,13,20,0.089,473
40,9,40,0.189,473
40,5,40,0.051,473
"40,49",18,"49,40",0.117,473
"40,49",15,40,0.038,473
40,20,40,0.107,473
20,2,20,0.198,473
20,3,,0.179,473
0,15,,0.115,473
10,12,,0.018,473
40,19,,0.058,473
10,19,,0.138,473
"30,31",14,31,0.139,473
"0,9",12,"9,0",0.171,473
40,3,,0.014,473
10,8,,0.091,474
20,2,20,0.093,474
40,7,,0.097,474
10,15,,0.026,474
0,16,0,0.121,474
0,7,0,0.048,474
10,12,10,0.023,474
10,8,10,0.093,475
20,18,,0.022,475
0,17,0,0.139,476
40,20,,0.112,476
10,9,10,0.05,476
10,6,10,0.152,477
10,13,10,0.014,480
0,10,0,0.151,481
10,7,,0.158,484
40,4,,0.025,484
40,7,,0.003,484
10,8,10,0.071,484
40,2,40,0.039,485
40,18,40,0.012,485
"20,29",4,"29,20",0.175,485
0,5,,0.11,486
20,20,20,0.128,486
"0,3",3,"3,0",0.126,486
10,1,,0.015,486
40,19,40,0.139,486
30,16,,0.131,486
10,11,10,0.052,486
40,19,40,0.007,486
20,17,20,0.043,487
0,13,0,0.014,487
20,12,20,0.127,487
20,4,20,0.03,487
40,17,40,0.067,487
0,10,0,0.153,487
20,11,,0.184,487
10,14,10,0.163,487
30,18,30,0.055,487
10,17,,0.156,487
40,13,40,0.159,487
"0,4,5",1,4,0.155,487
"40,41,42,43",2,42,0.168,487
"30,39",8,,0.182,487
30,2,30,0.175,488
40,2,40,0.067,488
10,7,,0.131,488
30,4,30,0.05,488
0,17,0,0.075,488
40,10,,0.029,488
40,1,40,0.156,488
0,6,0,0.012,488
20,6,20,0.005,488
30,4,30,0.139,488
30,4,30,0.113,488
40,7,40,0.095,489
40,7,40,0.101,489
30,5,30,0.102,489
10,16,10,0.124,489
0,18,0,0.13,489
30,10,30,0.197,489
30,14,30,0.073,489
10,1,,0.133,489
0,13,0,0.056,489
40,20,40,0.151,489
10,18,10,0.184,489
0,6,0,0.086,489
10,5,,0.113,489
30,17,,0.179,490
10,7,,0.18,490
20,14,20,0.186,490
20,12,20,0.009,490
10,3,10,0.117,490
20,13,20,0.12,490
10,7,,0.021,490
10,15,10,0.024,490
30,15,30,0.104,490
40,12,,0.103,490
40,20,40,0.107,490
40,13,40,0.144,490
0,13,,0.081,490
20,9,20,0.106,490
0,17,,0.123,490
30,5,30,0.143,490
40,16,40,0.19,490
"0,9",11,,0.086,491
"0,1,9",13,"1,9",0.163,491
10,8,10,0.13,491
30,17,30,0.185,491
20,9,20,0.111,491
0,18,,0.181,491
"10,19",2,"19,10",0.121,491
10,13,,0.156,491
10,8,10,0.197,491
20,16,20,0.01,491
30,7,30,0.117,491
"30,38,39",17,,0.1,491
20,8,,0.111,491
10,10,,0.134,491
40,13,40,0.054,491
30,9,30,0.026,491
40,20,40,0.176,491
30,1,30,0.068,491
40,6,40,0.124,491
0,19,0,0.193,491
40,7,40,0.008,491
30,9,30,0.103,491
20,2,,0.104,492
30,13,,0.19,492
"10,19",1,"19,10",0.171,492
20,1,,0.094,492
20,12,20,0.072,492
10,16,,0.129,492
10,20,,0.052,492
20,4,,0.017,492
0,18,,0.027,492
30,9,,0.132,492
40,14,40,0.021,492
0,19,,0.158,492
0,14,,0.171,492
30,16,30,0.107,493
"10,19",20,19,0.11,493
20,11,20,0.188,494
0,9,0,0.072,494
30,20,30,0.149,494
10,15,,0.116,494
30,2,30,0.145,494
20,1,20,0.098,494
40,3,40,0.085,494
20,2,20,0.115,495
0,3,0,0.179,495
20,1,,0.16,495
"0,2",11,0,0.082,497
0,11,0,0.171,497
0,16,0,0.022,497
40,12,40,0.16,498
